observation,case,status,displayed_error_pct,time_us,best_column_us
1,1,Pass,0.00,2.58,1.22
1,2,Pass,0.00,5.52,1.58
1,3,Pass,0.00,5.17,2.16
1,4,Pass,0.00,6.56,2.92
1,5,Pass,0.00,6.60,1.89
1,6,Pass,0.00,14.67,7.09
1,7,Pass,0.00,11.11,3.70
1,8,Pass,0.00,93.58,14.88
1,9,Pass,0.00,71.01,51.77
1,10,Pass,0.00,84.82,72.47
1,11,Pass,0.00,101.80,74.82
1,12,Pass,0.00,124.60,91.20
1,13,Pass,0.00,16.80,5.20
1,14,Pass,0.00,13.84,5.40
1,15,Pass,0.00,15.30,4.05
2,1,Pass,0.00,2.60,1.22
2,2,Pass,0.00,5.70,1.58
2,3,Pass,0.00,5.04,2.16
2,4,Pass,0.00,6.52,2.92
2,5,Pass,0.00,6.45,1.89
2,6,Pass,0.00,15.02,7.09
2,7,Pass,0.00,11.13,3.70
2,8,Pass,0.00,92.27,14.88
2,9,Pass,0.00,70.50,51.77
2,10,Pass,0.00,85.23,72.47
2,11,Pass,0.00,101.92,74.82
2,12,Pass,0.00,124.60,91.20
2,13,Pass,0.00,16.91,5.20
2,14,Pass,0.00,13.63,5.40
2,15,Pass,0.00,15.03,4.05
