case,N,dtype,TA,expected,baseline_us,probe_us,ratio,window0_ratio,window1_ratio
1000,4096,1,0,MISS,76.01150000000001,76.271,1.003416162668818,1.0052686345016528,1.0015636908359833
1001,4096,1,1,MISS,76.042,76.5515,1.0067082289062506,1.0097439413517577,1.0036725164607434
1002,4096,2,0,MISS,75.832,76.281,1.0059205510546183,1.005265102530944,1.0065759995782926
1003,4096,2,1,MISS,75.92150000000001,76.6515,1.0096192216817177,1.0126613998760239,1.0065770434874115
1004,4160,1,0,HIT,97.032,1597.052,16.46045182885209,16.687602414386756,16.233301243317424
1005,4160,1,1,HIT,106.732,1770.8960000000002,16.591778863405654,16.54813503793941,16.6354226888719
1006,4160,2,0,HIT,97.2115,1599.692,16.455709375241792,16.507590230274644,16.40382852020894
1007,4160,2,1,HIT,106.6625,1755.775,16.461457695818716,16.574677921760163,16.34823746987727
1024,4480,1,0,MISS,84.76150000000001,85.482,1.0085025811005028,1.0132316662928906,1.0037734959081153
1025,4480,1,1,MISS,87.25200000000001,87.91149999999999,1.0075624854532144,1.0091909652811286,1.0059340056253
1026,4480,2,0,MISS,84.74199999999999,85.3215,1.006853494980429,1.0132478531380853,1.000459136822773
1027,4480,2,1,MISS,87.43199999999999,87.66149999999999,1.0026257183049831,1.003651473180559,1.0015999634294073
1044,4800,1,0,HIT,108.872,1783.126,16.378127264056204,16.36423682219885,16.392017705913556
1045,4800,1,1,HIT,120.003,1977.5495,16.479440263757212,16.628394680380353,16.330485847134074
1046,4800,2,0,HIT,108.5625,1782.3955,16.41802725501926,16.373381241802296,16.462673268236223
1047,4800,2,1,HIT,119.9825,1984.909,16.543646479251944,16.652307666585855,16.434985291918032
1064,5120,1,0,MISS,92.622,93.322,1.0075581719096385,1.007999827030767,1.00711651678851
1065,5120,1,1,MISS,93.032,93.52199999999999,1.0052759974113337,1.0086223620960961,1.0019296327265712
1066,5120,2,0,MISS,92.701,93.322,1.0067003644972963,1.0077877750294337,1.0056129539651588
1067,5120,2,1,MISS,93.00200000000001,93.6215,1.006667404870232,1.0099006700997608,1.0034341396407032
1084,5440,1,0,HIT,119.792,2043.931,17.0623461766601,17.1147859922179,17.009906361102303
1085,5440,1,1,HIT,132.733,2263.9354999999996,17.056208944117145,16.9755135294162,17.136904358818086
1086,5440,2,0,HIT,120.6825,2039.1515,16.89695956881108,17.05598633306519,16.737932804556973
1087,5440,2,1,HIT,132.652,2262.8655,17.05844880869406,16.945854292231235,17.171043325156884
1104,5760,1,0,MISS,107.72200000000001,108.162,1.0040859704589922,1.0055750682945865,1.0025968726233978
1105,5760,1,1,MISS,111.22200000000001,111.952,1.0065705968482246,1.002154359885819,1.0109868338106303
1106,5760,2,0,MISS,107.402,108.10249999999999,1.0065237899912411,1.009325333979244,1.0037222460032382
1107,5760,2,1,MISS,110.862,112.1625,1.0117347522753164,1.0139252860060364,1.0095442185445966
1124,6080,1,0,HIT,131.4125,2289.056,17.419570671933784,17.58910913787043,17.250032205997137
1125,6080,1,1,HIT,145.343,2516.2799999999997,17.312868363842156,17.384123087108545,17.24161364057577
1126,6080,2,0,HIT,131.373,2284.036,17.385819013923715,17.26012353106936,17.51151449677807
1127,6080,2,1,HIT,145.34300000000002,2534.4004999999997,17.4375941088245,17.613930547040223,17.26125767060877
