version,N,TA,baseline_us,candidate_us,reduction_pct
r65,4096,0,75.8215,74.212,2.1227488245418424
r65,4096,1,75.97149999999999,75.011,1.2642898981855
r65,4160,0,97.282,96.46199999999999,0.8429103020086037
r65,4160,1,106.7025,106.202,0.46906117476160913
r65,5120,0,92.582,90.542,2.203452074917367
r65,5120,1,93.01150000000001,91.69149999999999,1.4191793487902227
r65,6080,0,131.522,131.09300000000002,0.32618117121088197
r65,6080,1,145.163,145.15300000000002,0.00688880775403522
r66,4096,0,77.632,77.9915,-0.46308223413025207
r66,4096,1,78.3015,79.482,-1.5076339533725447
r66,4160,0,99.252,101.612,-2.3777858380687578
r66,4160,1,108.0325,110.8525,-2.610325596464036
r66,5120,0,94.69200000000001,95.082,-0.4118616144975107
r66,5120,1,95.582,96.852,-1.3287020568726327
r66,6080,0,135.312,138.673,-2.483889085964286
r66,6080,1,147.2625,152.043,-3.2462439521263153
r67,4096,0,77.2115,76.1115,1.424658243914434
r67,4096,1,77.8615,76.1215,2.2347373220397926
r67,4160,0,99.122,96.632,2.5120558503662127
r67,4160,1,107.71199999999999,105.612,1.9496434937611329
r67,5120,0,94.2415,92.88149999999999,1.4431009693182006
r67,5120,1,95.132,93.042,2.1969473994029376
r67,6080,0,134.78300000000002,129.7025,3.7693922824095227
r67,6080,1,147.123,143.553,2.426541057482512
