probe,case,status,displayed_error_pct,time_us,best_column_us
N01_K_EQ32,1,Pass,0.00,2.62,1.22
N01_K_EQ32,2,Pass,0.00,5.43,1.58
N01_K_EQ32,3,Pass,0.00,4.99,2.16
N01_K_EQ32,4,Pass,0.00,6.28,2.92
N01_K_EQ32,5,Pass,0.00,7.49,1.89
N01_K_EQ32,6,Pass,0.00,14.96,7.09
N01_K_EQ32,7,Pass,0.00,11.10,3.70
N01_K_EQ32,8,Pass,0.00,90.43,14.88
N01_K_EQ32,9,Pass,0.00,69.92,51.77
N01_K_EQ32,10,Pass,0.00,84.54,72.47
N01_K_EQ32,11,Pass,0.00,101.65,74.82
N01_K_EQ32,12,Pass,0.00,124.90,91.20
N01_K_EQ32,13,Pass,0.00,17.15,5.20
N01_K_EQ32,14,Pass,0.00,14.56,5.40
N01_K_EQ32,15,Pass,0.00,15.14,4.05
N02_K_EQ64,1,Pass,0.00,2.81,1.22
N02_K_EQ64,2,Pass,0.00,5.36,1.58
N02_K_EQ64,3,Pass,0.00,5.19,2.16
N02_K_EQ64,4,Pass,0.00,6.38,2.92
N02_K_EQ64,5,Pass,0.00,7.84,1.89
N02_K_EQ64,6,Pass,0.00,15.62,7.09
N02_K_EQ64,7,Pass,0.00,11.42,3.70
N02_K_EQ64,8,Pass,0.00,93.16,14.88
N02_K_EQ64,9,Pass,0.00,71.77,51.77
N02_K_EQ64,10,Pass,0.00,85.15,72.47
N02_K_EQ64,11,Pass,0.00,102.69,74.82
N02_K_EQ64,12,Pass,0.00,125.51,91.20
N02_K_EQ64,13,Pass,0.00,17.56,5.20
N02_K_EQ64,14,Pass,0.00,15.13,5.40
N02_K_EQ64,15,Pass,0.00,15.54,4.05
N03_M_LE32,1,Pass,0.00,2.78,1.22
N03_M_LE32,2,Pass,0.00,5.14,1.58
N03_M_LE32,3,Pass,0.00,4.98,2.16
N03_M_LE32,4,Pass,0.00,6.46,2.92
N03_M_LE32,5,Pass,0.00,14.67,1.89
N03_M_LE32,6,Pass,0.00,15.09,7.09
N03_M_LE32,7,Pass,0.00,11.43,3.70
N03_M_LE32,8,Pass,0.00,92.86,14.88
N03_M_LE32,9,Pass,0.00,71.15,51.77
N03_M_LE32,10,Pass,0.00,84.94,72.47
N03_M_LE32,11,Pass,0.00,102.11,74.82
N03_M_LE32,12,Pass,0.00,124.70,91.20
N03_M_LE32,13,Pass,0.00,17.51,5.20
N03_M_LE32,14,Pass,0.00,14.96,5.40
N03_M_LE32,15,Pass,0.00,15.23,4.05
N04_N_LE32,1,Pass,0.00,2.68,1.22
N04_N_LE32,2,Pass,0.00,5.05,1.58
N04_N_LE32,3,Pass,0.00,5.28,2.16
N04_N_LE32,4,Pass,0.00,6.38,2.92
N04_N_LE32,5,Pass,0.00,14.60,1.89
N04_N_LE32,6,Pass,0.00,15.08,7.09
N04_N_LE32,7,Pass,0.00,11.28,3.70
N04_N_LE32,8,Pass,0.00,93.90,14.88
N04_N_LE32,9,Pass,0.00,70.47,51.77
N04_N_LE32,10,Pass,0.00,84.93,72.47
N04_N_LE32,11,Pass,0.00,102.50,74.82
N04_N_LE32,12,Pass,0.00,124.78,91.20
N04_N_LE32,13,Pass,0.00,17.83,5.20
N04_N_LE32,14,Pass,0.00,15.15,5.40
N04_N_LE32,15,Pass,0.00,15.21,4.05
N05_B_EQ1,1,Pass,0.00,2.60,1.22
N05_B_EQ1,2,Pass,0.00,5.42,1.58
N05_B_EQ1,3,Pass,0.00,5.30,2.16
N05_B_EQ1,4,Pass,0.00,6.59,2.92
N05_B_EQ1,5,Pass,0.00,7.58,1.89
N05_B_EQ1,6,Pass,0.00,14.46,7.09
N05_B_EQ1,7,Pass,0.00,11.30,3.70
N05_B_EQ1,8,Pass,0.00,92.24,14.88
N05_B_EQ1,9,Pass,0.00,70.20,51.77
N05_B_EQ1,10,Pass,0.00,84.29,72.47
N05_B_EQ1,11,Pass,0.00,101.30,74.82
N05_B_EQ1,12,Pass,0.00,123.29,91.20
N05_B_EQ1,13,Pass,0.00,98.42,5.20
N05_B_EQ1,14,Pass,0.00,43.23,5.40
N05_B_EQ1,15,Pass,0.00,15.08,4.05
