probe_file,case,status,time_us,displayed_error_pct,screenshot_or_notes
CONTROL_R23.asc,1,,,,
CONTROL_R23.asc,2,,,,
CONTROL_R23.asc,3,,,,
CONTROL_R23.asc,4,,,,
CONTROL_R23.asc,5,,,,
CONTROL_R23.asc,6,,,,
CONTROL_R23.asc,7,,,,
CONTROL_R23.asc,8,,,,
CONTROL_R23.asc,9,,,,
CONTROL_R23.asc,10,,,,
CONTROL_R23.asc,11,,,,
CONTROL_R23.asc,12,,,,
CONTROL_R23.asc,13,,,,
CONTROL_R23.asc,14,,,,
CONTROL_R23.asc,15,,,,
C01_R03_1G.asc,1,,,,
C01_R03_1G.asc,2,,,,
C01_R03_1G.asc,3,,,,
C01_R03_1G.asc,4,,,,
C01_R03_1G.asc,5,,,,
C01_R03_1G.asc,6,,,,
C01_R03_1G.asc,7,,,,
C01_R03_1G.asc,8,,,,
C01_R03_1G.asc,9,,,,
C01_R03_1G.asc,10,,,,
C01_R03_1G.asc,11,,,,
C01_R03_1G.asc,12,,,,
C01_R03_1G.asc,13,,,,
C01_R03_1G.asc,14,,,,
C01_R03_1G.asc,15,,,,
R7_01_M_LT128.asc,1,,,,
R7_01_M_LT128.asc,2,,,,
R7_01_M_LT128.asc,3,,,,
R7_01_M_LT128.asc,4,,,,
R7_01_M_LT128.asc,5,,,,
R7_01_M_LT128.asc,6,,,,
R7_01_M_LT128.asc,7,,,,
R7_01_M_LT128.asc,8,,,,
R7_01_M_LT128.asc,9,,,,
R7_01_M_LT128.asc,10,,,,
R7_01_M_LT128.asc,11,,,,
R7_01_M_LT128.asc,12,,,,
R7_01_M_LT128.asc,13,,,,
R7_01_M_LT128.asc,14,,,,
R7_01_M_LT128.asc,15,,,,
R7_02_N_LT256.asc,1,,,,
R7_02_N_LT256.asc,2,,,,
R7_02_N_LT256.asc,3,,,,
R7_02_N_LT256.asc,4,,,,
R7_02_N_LT256.asc,5,,,,
R7_02_N_LT256.asc,6,,,,
R7_02_N_LT256.asc,7,,,,
R7_02_N_LT256.asc,8,,,,
R7_02_N_LT256.asc,9,,,,
R7_02_N_LT256.asc,10,,,,
R7_02_N_LT256.asc,11,,,,
R7_02_N_LT256.asc,12,,,,
R7_02_N_LT256.asc,13,,,,
R7_02_N_LT256.asc,14,,,,
R7_02_N_LT256.asc,15,,,,
R7_03_MACRO_OCC_LT_CORES.asc,1,,,,
R7_03_MACRO_OCC_LT_CORES.asc,2,,,,
R7_03_MACRO_OCC_LT_CORES.asc,3,,,,
R7_03_MACRO_OCC_LT_CORES.asc,4,,,,
R7_03_MACRO_OCC_LT_CORES.asc,5,,,,
R7_03_MACRO_OCC_LT_CORES.asc,6,,,,
R7_03_MACRO_OCC_LT_CORES.asc,7,,,,
R7_03_MACRO_OCC_LT_CORES.asc,8,,,,
R7_03_MACRO_OCC_LT_CORES.asc,9,,,,
R7_03_MACRO_OCC_LT_CORES.asc,10,,,,
R7_03_MACRO_OCC_LT_CORES.asc,11,,,,
R7_03_MACRO_OCC_LT_CORES.asc,12,,,,
R7_03_MACRO_OCC_LT_CORES.asc,13,,,,
R7_03_MACRO_OCC_LT_CORES.asc,14,,,,
R7_03_MACRO_OCC_LT_CORES.asc,15,,,,
R7_04_K_GE512.asc,1,,,,
R7_04_K_GE512.asc,2,,,,
R7_04_K_GE512.asc,3,,,,
R7_04_K_GE512.asc,4,,,,
R7_04_K_GE512.asc,5,,,,
R7_04_K_GE512.asc,6,,,,
R7_04_K_GE512.asc,7,,,,
R7_04_K_GE512.asc,8,,,,
R7_04_K_GE512.asc,9,,,,
R7_04_K_GE512.asc,10,,,,
R7_04_K_GE512.asc,11,,,,
R7_04_K_GE512.asc,12,,,,
R7_04_K_GE512.asc,13,,,,
R7_04_K_GE512.asc,14,,,,
R7_04_K_GE512.asc,15,,,,
R7_05_K_GE1024.asc,1,,,,
R7_05_K_GE1024.asc,2,,,,
R7_05_K_GE1024.asc,3,,,,
R7_05_K_GE1024.asc,4,,,,
R7_05_K_GE1024.asc,5,,,,
R7_05_K_GE1024.asc,6,,,,
R7_05_K_GE1024.asc,7,,,,
R7_05_K_GE1024.asc,8,,,,
R7_05_K_GE1024.asc,9,,,,
R7_05_K_GE1024.asc,10,,,,
R7_05_K_GE1024.asc,11,,,,
R7_05_K_GE1024.asc,12,,,,
R7_05_K_GE1024.asc,13,,,,
R7_05_K_GE1024.asc,14,,,,
R7_05_K_GE1024.asc,15,,,,
L00_K1_CONTROL.asc,1,,,,
L00_K1_CONTROL.asc,2,,,,
L00_K1_CONTROL.asc,3,,,,
L00_K1_CONTROL.asc,4,,,,
L00_K1_CONTROL.asc,5,,,,
L00_K1_CONTROL.asc,6,,,,
L00_K1_CONTROL.asc,7,,,,
L00_K1_CONTROL.asc,8,,,,
L00_K1_CONTROL.asc,9,,,,
L00_K1_CONTROL.asc,10,,,,
L00_K1_CONTROL.asc,11,,,,
L00_K1_CONTROL.asc,12,,,,
L00_K1_CONTROL.asc,13,,,,
L00_K1_CONTROL.asc,14,,,,
L00_K1_CONTROL.asc,15,,,,
L05_SPATIAL_EQ1.asc,1,,,,
L05_SPATIAL_EQ1.asc,2,,,,
L05_SPATIAL_EQ1.asc,3,,,,
L05_SPATIAL_EQ1.asc,4,,,,
L05_SPATIAL_EQ1.asc,5,,,,
L05_SPATIAL_EQ1.asc,6,,,,
L05_SPATIAL_EQ1.asc,7,,,,
L05_SPATIAL_EQ1.asc,8,,,,
L05_SPATIAL_EQ1.asc,9,,,,
L05_SPATIAL_EQ1.asc,10,,,,
L05_SPATIAL_EQ1.asc,11,,,,
L05_SPATIAL_EQ1.asc,12,,,,
L05_SPATIAL_EQ1.asc,13,,,,
L05_SPATIAL_EQ1.asc,14,,,,
L05_SPATIAL_EQ1.asc,15,,,,
L01_B_EQ1.asc,1,,,,
L01_B_EQ1.asc,2,,,,
L01_B_EQ1.asc,3,,,,
L01_B_EQ1.asc,4,,,,
L01_B_EQ1.asc,5,,,,
L01_B_EQ1.asc,6,,,,
L01_B_EQ1.asc,7,,,,
L01_B_EQ1.asc,8,,,,
L01_B_EQ1.asc,9,,,,
L01_B_EQ1.asc,10,,,,
L01_B_EQ1.asc,11,,,,
L01_B_EQ1.asc,12,,,,
L01_B_EQ1.asc,13,,,,
L01_B_EQ1.asc,14,,,,
L01_B_EQ1.asc,15,,,,
L02_M_LE64.asc,1,,,,
L02_M_LE64.asc,2,,,,
L02_M_LE64.asc,3,,,,
L02_M_LE64.asc,4,,,,
L02_M_LE64.asc,5,,,,
L02_M_LE64.asc,6,,,,
L02_M_LE64.asc,7,,,,
L02_M_LE64.asc,8,,,,
L02_M_LE64.asc,9,,,,
L02_M_LE64.asc,10,,,,
L02_M_LE64.asc,11,,,,
L02_M_LE64.asc,12,,,,
L02_M_LE64.asc,13,,,,
L02_M_LE64.asc,14,,,,
L02_M_LE64.asc,15,,,,
L03_N_LE128.asc,1,,,,
L03_N_LE128.asc,2,,,,
L03_N_LE128.asc,3,,,,
L03_N_LE128.asc,4,,,,
L03_N_LE128.asc,5,,,,
L03_N_LE128.asc,6,,,,
L03_N_LE128.asc,7,,,,
L03_N_LE128.asc,8,,,,
L03_N_LE128.asc,9,,,,
L03_N_LE128.asc,10,,,,
L03_N_LE128.asc,11,,,,
L03_N_LE128.asc,12,,,,
L03_N_LE128.asc,13,,,,
L03_N_LE128.asc,14,,,,
L03_N_LE128.asc,15,,,,
L04_MN_LE4096.asc,1,,,,
L04_MN_LE4096.asc,2,,,,
L04_MN_LE4096.asc,3,,,,
L04_MN_LE4096.asc,4,,,,
L04_MN_LE4096.asc,5,,,,
L04_MN_LE4096.asc,6,,,,
L04_MN_LE4096.asc,7,,,,
L04_MN_LE4096.asc,8,,,,
L04_MN_LE4096.asc,9,,,,
L04_MN_LE4096.asc,10,,,,
L04_MN_LE4096.asc,11,,,,
L04_MN_LE4096.asc,12,,,,
L04_MN_LE4096.asc,13,,,,
L04_MN_LE4096.asc,14,,,,
L04_MN_LE4096.asc,15,,,,
L06_SPLITS_GE8.asc,1,,,,
L06_SPLITS_GE8.asc,2,,,,
L06_SPLITS_GE8.asc,3,,,,
L06_SPLITS_GE8.asc,4,,,,
L06_SPLITS_GE8.asc,5,,,,
L06_SPLITS_GE8.asc,6,,,,
L06_SPLITS_GE8.asc,7,,,,
L06_SPLITS_GE8.asc,8,,,,
L06_SPLITS_GE8.asc,9,,,,
L06_SPLITS_GE8.asc,10,,,,
L06_SPLITS_GE8.asc,11,,,,
L06_SPLITS_GE8.asc,12,,,,
L06_SPLITS_GE8.asc,13,,,,
L06_SPLITS_GE8.asc,14,,,,
L06_SPLITS_GE8.asc,15,,,,
C00_NATIVE_1G.asc,1,,,,
C00_NATIVE_1G.asc,2,,,,
C00_NATIVE_1G.asc,3,,,,
C00_NATIVE_1G.asc,4,,,,
C00_NATIVE_1G.asc,5,,,,
C00_NATIVE_1G.asc,6,,,,
C00_NATIVE_1G.asc,7,,,,
C00_NATIVE_1G.asc,8,,,,
C00_NATIVE_1G.asc,9,,,,
C00_NATIVE_1G.asc,10,,,,
C00_NATIVE_1G.asc,11,,,,
C00_NATIVE_1G.asc,12,,,,
C00_NATIVE_1G.asc,13,,,,
C00_NATIVE_1G.asc,14,,,,
C00_NATIVE_1G.asc,15,,,,
X6_01_MACRO_1G.asc,1,,,,
X6_01_MACRO_1G.asc,2,,,,
X6_01_MACRO_1G.asc,3,,,,
X6_01_MACRO_1G.asc,4,,,,
X6_01_MACRO_1G.asc,5,,,,
X6_01_MACRO_1G.asc,6,,,,
X6_01_MACRO_1G.asc,7,,,,
X6_01_MACRO_1G.asc,8,,,,
X6_01_MACRO_1G.asc,9,,,,
X6_01_MACRO_1G.asc,10,,,,
X6_01_MACRO_1G.asc,11,,,,
X6_01_MACRO_1G.asc,12,,,,
X6_01_MACRO_1G.asc,13,,,,
X6_01_MACRO_1G.asc,14,,,,
X6_01_MACRO_1G.asc,15,,,,
X6_02_TREE_1W.asc,1,,,,
X6_02_TREE_1W.asc,2,,,,
X6_02_TREE_1W.asc,3,,,,
X6_02_TREE_1W.asc,4,,,,
X6_02_TREE_1W.asc,5,,,,
X6_02_TREE_1W.asc,6,,,,
X6_02_TREE_1W.asc,7,,,,
X6_02_TREE_1W.asc,8,,,,
X6_02_TREE_1W.asc,9,,,,
X6_02_TREE_1W.asc,10,,,,
X6_02_TREE_1W.asc,11,,,,
X6_02_TREE_1W.asc,12,,,,
X6_02_TREE_1W.asc,13,,,,
X6_02_TREE_1W.asc,14,,,,
X6_02_TREE_1W.asc,15,,,,
X6_03_FALLBACK_1CORE.asc,1,,,,
X6_03_FALLBACK_1CORE.asc,2,,,,
X6_03_FALLBACK_1CORE.asc,3,,,,
X6_03_FALLBACK_1CORE.asc,4,,,,
X6_03_FALLBACK_1CORE.asc,5,,,,
X6_03_FALLBACK_1CORE.asc,6,,,,
X6_03_FALLBACK_1CORE.asc,7,,,,
X6_03_FALLBACK_1CORE.asc,8,,,,
X6_03_FALLBACK_1CORE.asc,9,,,,
X6_03_FALLBACK_1CORE.asc,10,,,,
X6_03_FALLBACK_1CORE.asc,11,,,,
X6_03_FALLBACK_1CORE.asc,12,,,,
X6_03_FALLBACK_1CORE.asc,13,,,,
X6_03_FALLBACK_1CORE.asc,14,,,,
X6_03_FALLBACK_1CORE.asc,15,,,,
