cores,M,N,TA,pM,pN,mTiles,nTiles,tasks,blocks,peak_tiles,peak_cells,min_mtiles_per_task,max_mtiles_per_task
20,1280,4096,0,10,2,10,16,20,20,8,262144,1,1
20,1280,4096,1,10,2,10,16,20,20,8,262144,1,1
20,1280,4160,0,10,2,10,17,20,20,9,270336,1,1
20,1280,4160,1,10,2,10,17,20,20,9,270336,1,1
20,1280,4224,0,10,2,10,17,20,20,9,278528,1,1
20,1280,4224,1,10,2,10,17,20,20,9,278528,1,1
20,1280,4288,0,10,2,10,17,20,20,9,286720,1,1
20,1280,4288,1,10,2,10,17,20,20,9,286720,1,1
20,1280,4352,0,10,2,10,17,20,20,9,294912,1,1
20,1280,4352,1,10,2,10,17,20,20,9,294912,1,1
20,1280,4416,0,10,2,10,18,20,20,9,294912,1,1
20,1280,4416,1,10,2,10,18,20,20,9,294912,1,1
20,1280,4480,0,10,2,10,18,20,20,9,294912,1,1
20,1280,4480,1,10,2,10,18,20,20,9,294912,1,1
20,1280,4544,0,10,2,10,18,20,20,9,294912,1,1
20,1280,4544,1,10,2,10,18,20,20,9,294912,1,1
20,1280,4608,0,10,2,10,18,20,20,9,294912,1,1
20,1280,4608,1,10,2,10,18,20,20,9,294912,1,1
20,1280,4672,0,10,2,10,19,20,20,10,303104,1,1
20,1280,4672,1,10,2,10,19,20,20,10,303104,1,1
20,1280,4736,0,10,2,10,19,20,20,10,311296,1,1
20,1280,4736,1,10,2,10,19,20,20,10,311296,1,1
20,1280,4800,0,10,2,10,19,20,20,10,319488,1,1
20,1280,4800,1,10,2,10,19,20,20,10,319488,1,1
20,1280,4864,0,10,2,10,19,20,20,10,327680,1,1
20,1280,4864,1,10,2,10,19,20,20,10,327680,1,1
20,1280,4928,0,10,2,10,20,20,20,10,327680,1,1
20,1280,4928,1,10,2,10,20,20,20,10,327680,1,1
20,1280,4992,0,10,2,10,20,20,20,10,327680,1,1
20,1280,4992,1,10,2,10,20,20,20,10,327680,1,1
20,1280,5056,0,10,2,10,20,20,20,10,327680,1,1
20,1280,5056,1,10,2,10,20,20,20,10,327680,1,1
20,1280,5120,0,10,2,10,20,20,20,10,327680,1,1
20,1280,5120,1,10,2,10,20,20,20,10,327680,1,1
20,1280,5184,0,10,2,10,21,20,20,11,335872,1,1
20,1280,5184,1,10,2,10,21,20,20,11,335872,1,1
20,1280,5248,0,10,2,10,21,20,20,11,344064,1,1
20,1280,5248,1,10,2,10,21,20,20,11,344064,1,1
20,1280,5312,0,10,2,10,21,20,20,11,352256,1,1
20,1280,5312,1,10,2,10,21,20,20,11,352256,1,1
20,1280,5376,0,10,2,10,21,20,20,11,360448,1,1
20,1280,5376,1,10,2,10,21,20,20,11,360448,1,1
20,1280,5440,0,10,2,10,22,20,20,11,360448,1,1
20,1280,5440,1,10,2,10,22,20,20,11,360448,1,1
20,1280,5504,0,10,2,10,22,20,20,11,360448,1,1
20,1280,5504,1,10,2,10,22,20,20,11,360448,1,1
20,1280,5568,0,10,2,10,22,20,20,11,360448,1,1
20,1280,5568,1,10,2,10,22,20,20,11,360448,1,1
20,1280,5632,0,10,2,10,22,20,20,11,360448,1,1
20,1280,5632,1,10,2,10,22,20,20,11,360448,1,1
20,1280,5696,0,10,2,10,23,20,20,12,368640,1,1
20,1280,5696,1,10,2,10,23,20,20,12,368640,1,1
20,1280,5760,0,10,2,10,23,20,20,12,376832,1,1
20,1280,5760,1,10,2,10,23,20,20,12,376832,1,1
20,1280,5824,0,10,2,10,23,20,20,12,385024,1,1
20,1280,5824,1,10,2,10,23,20,20,12,385024,1,1
20,1280,5888,0,10,2,10,23,20,20,12,393216,1,1
20,1280,5888,1,10,2,10,23,20,20,12,393216,1,1
20,1280,5952,0,10,2,10,24,20,20,12,393216,1,1
20,1280,5952,1,10,2,10,24,20,20,12,393216,1,1
20,1280,6016,0,10,2,10,24,20,20,12,393216,1,1
20,1280,6016,1,10,2,10,24,20,20,12,393216,1,1
20,1280,6080,0,10,2,10,24,20,20,12,393216,1,1
20,1280,6080,1,10,2,10,24,20,20,12,393216,1,1
22,1296,4096,0,11,2,11,16,22,22,8,262144,1,1
22,1296,4160,0,11,2,11,17,22,22,9,270336,1,1
22,1296,4224,0,11,2,11,17,22,22,9,278528,1,1
22,1296,4288,0,11,2,11,17,22,22,9,286720,1,1
22,1296,4352,0,11,2,11,17,22,22,9,294912,1,1
22,1296,4416,0,11,2,11,18,22,22,9,294912,1,1
22,1296,4480,0,11,2,11,18,22,22,9,294912,1,1
22,1296,4544,0,11,2,11,18,22,22,9,294912,1,1
22,1296,4608,0,11,2,11,18,22,22,9,294912,1,1
22,1296,4672,0,11,2,11,19,22,22,10,303104,1,1
22,1296,4736,0,11,2,11,19,22,22,10,311296,1,1
22,1296,4800,0,11,2,11,19,22,22,10,319488,1,1
22,1296,4864,0,11,2,11,19,22,22,10,327680,1,1
22,1296,4928,0,11,2,11,20,22,22,10,327680,1,1
22,1296,4992,0,11,2,11,20,22,22,10,327680,1,1
22,1296,5056,0,11,2,11,20,22,22,10,327680,1,1
22,1296,5120,0,11,2,11,20,22,22,10,327680,1,1
22,1296,5184,0,11,2,11,21,22,22,11,335872,1,1
22,1296,5248,0,11,2,11,21,22,22,11,344064,1,1
22,1296,5312,0,11,2,11,21,22,22,11,352256,1,1
22,1296,5376,0,11,2,11,21,22,22,11,360448,1,1
22,1296,5440,0,11,2,11,22,22,22,11,360448,1,1
22,1296,5504,0,11,2,11,22,22,22,11,360448,1,1
22,1296,5568,0,11,2,11,22,22,22,11,360448,1,1
22,1296,5632,0,11,2,11,22,22,22,11,360448,1,1
22,1296,5696,0,11,2,11,23,22,22,12,368640,1,1
22,1296,5760,0,11,2,11,23,22,22,12,376832,1,1
22,1296,5824,0,11,2,11,23,22,22,12,385024,1,1
22,1296,5888,0,11,2,11,23,22,22,12,393216,1,1
22,1296,5952,0,11,2,11,24,22,22,12,393216,1,1
22,1296,6016,0,11,2,11,24,22,22,12,393216,1,1
22,1296,6080,0,11,2,11,24,22,22,12,393216,1,1
22,1312,4096,0,11,2,11,16,22,22,8,262144,1,1
22,1312,4160,0,11,2,11,17,22,22,9,270336,1,1
22,1312,4224,0,11,2,11,17,22,22,9,278528,1,1
22,1312,4288,0,11,2,11,17,22,22,9,286720,1,1
22,1312,4352,0,11,2,11,17,22,22,9,294912,1,1
22,1312,4416,0,11,2,11,18,22,22,9,294912,1,1
22,1312,4480,0,11,2,11,18,22,22,9,294912,1,1
22,1312,4544,0,11,2,11,18,22,22,9,294912,1,1
22,1312,4608,0,11,2,11,18,22,22,9,294912,1,1
22,1312,4672,0,11,2,11,19,22,22,10,303104,1,1
22,1312,4736,0,11,2,11,19,22,22,10,311296,1,1
22,1312,4800,0,11,2,11,19,22,22,10,319488,1,1
22,1312,4864,0,11,2,11,19,22,22,10,327680,1,1
22,1312,4928,0,11,2,11,20,22,22,10,327680,1,1
22,1312,4992,0,11,2,11,20,22,22,10,327680,1,1
22,1312,5056,0,11,2,11,20,22,22,10,327680,1,1
22,1312,5120,0,11,2,11,20,22,22,10,327680,1,1
22,1312,5184,0,11,2,11,21,22,22,11,335872,1,1
22,1312,5248,0,11,2,11,21,22,22,11,344064,1,1
22,1312,5312,0,11,2,11,21,22,22,11,352256,1,1
22,1312,5376,0,11,2,11,21,22,22,11,360448,1,1
22,1312,5440,0,11,2,11,22,22,22,11,360448,1,1
22,1312,5504,0,11,2,11,22,22,22,11,360448,1,1
22,1312,5568,0,11,2,11,22,22,22,11,360448,1,1
22,1312,5632,0,11,2,11,22,22,22,11,360448,1,1
22,1312,5696,0,11,2,11,23,22,22,12,368640,1,1
22,1312,5760,0,11,2,11,23,22,22,12,376832,1,1
22,1312,5824,0,11,2,11,23,22,22,12,385024,1,1
22,1312,5888,0,11,2,11,23,22,22,12,393216,1,1
22,1312,5952,0,11,2,11,24,22,22,12,393216,1,1
22,1312,6016,0,11,2,11,24,22,22,12,393216,1,1
22,1312,6080,0,11,2,11,24,22,22,12,393216,1,1
22,1328,4096,0,11,2,11,16,22,22,8,262144,1,1
22,1328,4160,0,11,2,11,17,22,22,9,270336,1,1
22,1328,4224,0,11,2,11,17,22,22,9,278528,1,1
22,1328,4288,0,11,2,11,17,22,22,9,286720,1,1
22,1328,4352,0,11,2,11,17,22,22,9,294912,1,1
22,1328,4416,0,11,2,11,18,22,22,9,294912,1,1
22,1328,4480,0,11,2,11,18,22,22,9,294912,1,1
22,1328,4544,0,11,2,11,18,22,22,9,294912,1,1
22,1328,4608,0,11,2,11,18,22,22,9,294912,1,1
22,1328,4672,0,11,2,11,19,22,22,10,303104,1,1
22,1328,4736,0,11,2,11,19,22,22,10,311296,1,1
22,1328,4800,0,11,2,11,19,22,22,10,319488,1,1
22,1328,4864,0,11,2,11,19,22,22,10,327680,1,1
22,1328,4928,0,11,2,11,20,22,22,10,327680,1,1
22,1328,4992,0,11,2,11,20,22,22,10,327680,1,1
22,1328,5056,0,11,2,11,20,22,22,10,327680,1,1
22,1328,5120,0,11,2,11,20,22,22,10,327680,1,1
22,1328,5184,0,11,2,11,21,22,22,11,335872,1,1
22,1328,5248,0,11,2,11,21,22,22,11,344064,1,1
22,1328,5312,0,11,2,11,21,22,22,11,352256,1,1
22,1328,5376,0,11,2,11,21,22,22,11,360448,1,1
22,1328,5440,0,11,2,11,22,22,22,11,360448,1,1
22,1328,5504,0,11,2,11,22,22,22,11,360448,1,1
22,1328,5568,0,11,2,11,22,22,22,11,360448,1,1
22,1328,5632,0,11,2,11,22,22,22,11,360448,1,1
22,1328,5696,0,11,2,11,23,22,22,12,368640,1,1
22,1328,5760,0,11,2,11,23,22,22,12,376832,1,1
22,1328,5824,0,11,2,11,23,22,22,12,385024,1,1
22,1328,5888,0,11,2,11,23,22,22,12,393216,1,1
22,1328,5952,0,11,2,11,24,22,22,12,393216,1,1
22,1328,6016,0,11,2,11,24,22,22,12,393216,1,1
22,1328,6080,0,11,2,11,24,22,22,12,393216,1,1
22,1344,4096,0,11,2,11,16,22,22,8,262144,1,1
22,1344,4096,1,11,2,11,16,22,22,8,262144,1,1
22,1344,4160,0,11,2,11,17,22,22,9,270336,1,1
22,1344,4160,1,11,2,11,17,22,22,9,270336,1,1
22,1344,4224,0,11,2,11,17,22,22,9,278528,1,1
22,1344,4224,1,11,2,11,17,22,22,9,278528,1,1
22,1344,4288,0,11,2,11,17,22,22,9,286720,1,1
22,1344,4288,1,11,2,11,17,22,22,9,286720,1,1
22,1344,4352,0,11,2,11,17,22,22,9,294912,1,1
22,1344,4352,1,11,2,11,17,22,22,9,294912,1,1
22,1344,4416,0,11,2,11,18,22,22,9,294912,1,1
22,1344,4416,1,11,2,11,18,22,22,9,294912,1,1
22,1344,4480,0,11,2,11,18,22,22,9,294912,1,1
22,1344,4480,1,11,2,11,18,22,22,9,294912,1,1
22,1344,4544,0,11,2,11,18,22,22,9,294912,1,1
22,1344,4544,1,11,2,11,18,22,22,9,294912,1,1
22,1344,4608,0,11,2,11,18,22,22,9,294912,1,1
22,1344,4608,1,11,2,11,18,22,22,9,294912,1,1
22,1344,4672,0,11,2,11,19,22,22,10,303104,1,1
22,1344,4672,1,11,2,11,19,22,22,10,303104,1,1
22,1344,4736,0,11,2,11,19,22,22,10,311296,1,1
22,1344,4736,1,11,2,11,19,22,22,10,311296,1,1
22,1344,4800,0,11,2,11,19,22,22,10,319488,1,1
22,1344,4800,1,11,2,11,19,22,22,10,319488,1,1
22,1344,4864,0,11,2,11,19,22,22,10,327680,1,1
22,1344,4864,1,11,2,11,19,22,22,10,327680,1,1
22,1344,4928,0,11,2,11,20,22,22,10,327680,1,1
22,1344,4928,1,11,2,11,20,22,22,10,327680,1,1
22,1344,4992,0,11,2,11,20,22,22,10,327680,1,1
22,1344,4992,1,11,2,11,20,22,22,10,327680,1,1
22,1344,5056,0,11,2,11,20,22,22,10,327680,1,1
22,1344,5056,1,11,2,11,20,22,22,10,327680,1,1
22,1344,5120,0,11,2,11,20,22,22,10,327680,1,1
22,1344,5120,1,11,2,11,20,22,22,10,327680,1,1
22,1344,5184,0,11,2,11,21,22,22,11,335872,1,1
22,1344,5184,1,11,2,11,21,22,22,11,335872,1,1
22,1344,5248,0,11,2,11,21,22,22,11,344064,1,1
22,1344,5248,1,11,2,11,21,22,22,11,344064,1,1
22,1344,5312,0,11,2,11,21,22,22,11,352256,1,1
22,1344,5312,1,11,2,11,21,22,22,11,352256,1,1
22,1344,5376,0,11,2,11,21,22,22,11,360448,1,1
22,1344,5376,1,11,2,11,21,22,22,11,360448,1,1
22,1344,5440,0,11,2,11,22,22,22,11,360448,1,1
22,1344,5440,1,11,2,11,22,22,22,11,360448,1,1
22,1344,5504,0,11,2,11,22,22,22,11,360448,1,1
22,1344,5504,1,11,2,11,22,22,22,11,360448,1,1
22,1344,5568,0,11,2,11,22,22,22,11,360448,1,1
22,1344,5568,1,11,2,11,22,22,22,11,360448,1,1
22,1344,5632,0,11,2,11,22,22,22,11,360448,1,1
22,1344,5632,1,11,2,11,22,22,22,11,360448,1,1
22,1344,5696,0,11,2,11,23,22,22,12,368640,1,1
22,1344,5696,1,11,2,11,23,22,22,12,368640,1,1
22,1344,5760,0,11,2,11,23,22,22,12,376832,1,1
22,1344,5760,1,11,2,11,23,22,22,12,376832,1,1
22,1344,5824,0,11,2,11,23,22,22,12,385024,1,1
22,1344,5824,1,11,2,11,23,22,22,12,385024,1,1
22,1344,5888,0,11,2,11,23,22,22,12,393216,1,1
22,1344,5888,1,11,2,11,23,22,22,12,393216,1,1
22,1344,5952,0,11,2,11,24,22,22,12,393216,1,1
22,1344,5952,1,11,2,11,24,22,22,12,393216,1,1
22,1344,6016,0,11,2,11,24,22,22,12,393216,1,1
22,1344,6016,1,11,2,11,24,22,22,12,393216,1,1
22,1344,6080,0,11,2,11,24,22,22,12,393216,1,1
22,1344,6080,1,11,2,11,24,22,22,12,393216,1,1
22,1360,4096,0,11,2,11,16,22,22,8,262144,1,1
22,1360,4160,0,11,2,11,17,22,22,9,270336,1,1
22,1360,4224,0,11,2,11,17,22,22,9,278528,1,1
22,1360,4288,0,11,2,11,17,22,22,9,286720,1,1
22,1360,4352,0,11,2,11,17,22,22,9,294912,1,1
22,1360,4416,0,11,2,11,18,22,22,9,294912,1,1
22,1360,4480,0,11,2,11,18,22,22,9,294912,1,1
22,1360,4544,0,11,2,11,18,22,22,9,294912,1,1
22,1360,4608,0,11,2,11,18,22,22,9,294912,1,1
22,1360,4672,0,11,2,11,19,22,22,10,303104,1,1
22,1360,4736,0,11,2,11,19,22,22,10,311296,1,1
22,1360,4800,0,11,2,11,19,22,22,10,319488,1,1
22,1360,4864,0,11,2,11,19,22,22,10,327680,1,1
22,1360,4928,0,11,2,11,20,22,22,10,327680,1,1
22,1360,4992,0,11,2,11,20,22,22,10,327680,1,1
22,1360,5056,0,11,2,11,20,22,22,10,327680,1,1
22,1360,5120,0,11,2,11,20,22,22,10,327680,1,1
22,1360,5184,0,11,2,11,21,22,22,11,335872,1,1
22,1360,5248,0,11,2,11,21,22,22,11,344064,1,1
22,1360,5312,0,11,2,11,21,22,22,11,352256,1,1
22,1360,5376,0,11,2,11,21,22,22,11,360448,1,1
22,1360,5440,0,11,2,11,22,22,22,11,360448,1,1
22,1360,5504,0,11,2,11,22,22,22,11,360448,1,1
22,1360,5568,0,11,2,11,22,22,22,11,360448,1,1
22,1360,5632,0,11,2,11,22,22,22,11,360448,1,1
22,1360,5696,0,11,2,11,23,22,22,12,368640,1,1
22,1360,5760,0,11,2,11,23,22,22,12,376832,1,1
22,1360,5824,0,11,2,11,23,22,22,12,385024,1,1
22,1360,5888,0,11,2,11,23,22,22,12,393216,1,1
22,1360,5952,0,11,2,11,24,22,22,12,393216,1,1
22,1360,6016,0,11,2,11,24,22,22,12,393216,1,1
22,1360,6080,0,11,2,11,24,22,22,12,393216,1,1
22,1376,4096,0,11,2,11,16,22,22,8,262144,1,1
22,1376,4160,0,11,2,11,17,22,22,9,270336,1,1
22,1376,4224,0,11,2,11,17,22,22,9,278528,1,1
22,1376,4288,0,11,2,11,17,22,22,9,286720,1,1
22,1376,4352,0,11,2,11,17,22,22,9,294912,1,1
22,1376,4416,0,11,2,11,18,22,22,9,294912,1,1
22,1376,4480,0,11,2,11,18,22,22,9,294912,1,1
22,1376,4544,0,11,2,11,18,22,22,9,294912,1,1
22,1376,4608,0,11,2,11,18,22,22,9,294912,1,1
22,1376,4672,0,11,2,11,19,22,22,10,303104,1,1
22,1376,4736,0,11,2,11,19,22,22,10,311296,1,1
22,1376,4800,0,11,2,11,19,22,22,10,319488,1,1
22,1376,4864,0,11,2,11,19,22,22,10,327680,1,1
22,1376,4928,0,11,2,11,20,22,22,10,327680,1,1
22,1376,4992,0,11,2,11,20,22,22,10,327680,1,1
22,1376,5056,0,11,2,11,20,22,22,10,327680,1,1
22,1376,5120,0,11,2,11,20,22,22,10,327680,1,1
22,1376,5184,0,11,2,11,21,22,22,11,335872,1,1
22,1376,5248,0,11,2,11,21,22,22,11,344064,1,1
22,1376,5312,0,11,2,11,21,22,22,11,352256,1,1
22,1376,5376,0,11,2,11,21,22,22,11,360448,1,1
22,1376,5440,0,11,2,11,22,22,22,11,360448,1,1
22,1376,5504,0,11,2,11,22,22,22,11,360448,1,1
22,1376,5568,0,11,2,11,22,22,22,11,360448,1,1
22,1376,5632,0,11,2,11,22,22,22,11,360448,1,1
22,1376,5696,0,11,2,11,23,22,22,12,368640,1,1
22,1376,5760,0,11,2,11,23,22,22,12,376832,1,1
22,1376,5824,0,11,2,11,23,22,22,12,385024,1,1
22,1376,5888,0,11,2,11,23,22,22,12,393216,1,1
22,1376,5952,0,11,2,11,24,22,22,12,393216,1,1
22,1376,6016,0,11,2,11,24,22,22,12,393216,1,1
22,1376,6080,0,11,2,11,24,22,22,12,393216,1,1
22,1392,4096,0,11,2,11,16,22,22,8,262144,1,1
22,1392,4160,0,11,2,11,17,22,22,9,270336,1,1
22,1392,4224,0,11,2,11,17,22,22,9,278528,1,1
22,1392,4288,0,11,2,11,17,22,22,9,286720,1,1
22,1392,4352,0,11,2,11,17,22,22,9,294912,1,1
22,1392,4416,0,11,2,11,18,22,22,9,294912,1,1
22,1392,4480,0,11,2,11,18,22,22,9,294912,1,1
22,1392,4544,0,11,2,11,18,22,22,9,294912,1,1
22,1392,4608,0,11,2,11,18,22,22,9,294912,1,1
22,1392,4672,0,11,2,11,19,22,22,10,303104,1,1
22,1392,4736,0,11,2,11,19,22,22,10,311296,1,1
22,1392,4800,0,11,2,11,19,22,22,10,319488,1,1
22,1392,4864,0,11,2,11,19,22,22,10,327680,1,1
22,1392,4928,0,11,2,11,20,22,22,10,327680,1,1
22,1392,4992,0,11,2,11,20,22,22,10,327680,1,1
22,1392,5056,0,11,2,11,20,22,22,10,327680,1,1
22,1392,5120,0,11,2,11,20,22,22,10,327680,1,1
22,1392,5184,0,11,2,11,21,22,22,11,335872,1,1
22,1392,5248,0,11,2,11,21,22,22,11,344064,1,1
22,1392,5312,0,11,2,11,21,22,22,11,352256,1,1
22,1392,5376,0,11,2,11,21,22,22,11,360448,1,1
22,1392,5440,0,11,2,11,22,22,22,11,360448,1,1
22,1392,5504,0,11,2,11,22,22,22,11,360448,1,1
22,1392,5568,0,11,2,11,22,22,22,11,360448,1,1
22,1392,5632,0,11,2,11,22,22,22,11,360448,1,1
22,1392,5696,0,11,2,11,23,22,22,12,368640,1,1
22,1392,5760,0,11,2,11,23,22,22,12,376832,1,1
22,1392,5824,0,11,2,11,23,22,22,12,385024,1,1
22,1392,5888,0,11,2,11,23,22,22,12,393216,1,1
22,1392,5952,0,11,2,11,24,22,22,12,393216,1,1
22,1392,6016,0,11,2,11,24,22,22,12,393216,1,1
22,1392,6080,0,11,2,11,24,22,22,12,393216,1,1
22,1408,4096,0,11,2,11,16,22,22,8,262144,1,1
22,1408,4096,1,11,2,11,16,22,22,8,262144,1,1
22,1408,4160,0,11,2,11,17,22,22,9,270336,1,1
22,1408,4160,1,11,2,11,17,22,22,9,270336,1,1
22,1408,4224,0,11,2,11,17,22,22,9,278528,1,1
22,1408,4224,1,11,2,11,17,22,22,9,278528,1,1
22,1408,4288,0,11,2,11,17,22,22,9,286720,1,1
22,1408,4288,1,11,2,11,17,22,22,9,286720,1,1
22,1408,4352,0,11,2,11,17,22,22,9,294912,1,1
22,1408,4352,1,11,2,11,17,22,22,9,294912,1,1
22,1408,4416,0,11,2,11,18,22,22,9,294912,1,1
22,1408,4416,1,11,2,11,18,22,22,9,294912,1,1
22,1408,4480,0,11,2,11,18,22,22,9,294912,1,1
22,1408,4480,1,11,2,11,18,22,22,9,294912,1,1
22,1408,4544,0,11,2,11,18,22,22,9,294912,1,1
22,1408,4544,1,11,2,11,18,22,22,9,294912,1,1
22,1408,4608,0,11,2,11,18,22,22,9,294912,1,1
22,1408,4608,1,11,2,11,18,22,22,9,294912,1,1
22,1408,4672,0,11,2,11,19,22,22,10,303104,1,1
22,1408,4672,1,11,2,11,19,22,22,10,303104,1,1
22,1408,4736,0,11,2,11,19,22,22,10,311296,1,1
22,1408,4736,1,11,2,11,19,22,22,10,311296,1,1
22,1408,4800,0,11,2,11,19,22,22,10,319488,1,1
22,1408,4800,1,11,2,11,19,22,22,10,319488,1,1
22,1408,4864,0,11,2,11,19,22,22,10,327680,1,1
22,1408,4864,1,11,2,11,19,22,22,10,327680,1,1
22,1408,4928,0,11,2,11,20,22,22,10,327680,1,1
22,1408,4928,1,11,2,11,20,22,22,10,327680,1,1
22,1408,4992,0,11,2,11,20,22,22,10,327680,1,1
22,1408,4992,1,11,2,11,20,22,22,10,327680,1,1
22,1408,5056,0,11,2,11,20,22,22,10,327680,1,1
22,1408,5056,1,11,2,11,20,22,22,10,327680,1,1
22,1408,5120,0,11,2,11,20,22,22,10,327680,1,1
22,1408,5120,1,11,2,11,20,22,22,10,327680,1,1
22,1408,5184,0,11,2,11,21,22,22,11,335872,1,1
22,1408,5184,1,11,2,11,21,22,22,11,335872,1,1
22,1408,5248,0,11,2,11,21,22,22,11,344064,1,1
22,1408,5248,1,11,2,11,21,22,22,11,344064,1,1
22,1408,5312,0,11,2,11,21,22,22,11,352256,1,1
22,1408,5312,1,11,2,11,21,22,22,11,352256,1,1
22,1408,5376,0,11,2,11,21,22,22,11,360448,1,1
22,1408,5376,1,11,2,11,21,22,22,11,360448,1,1
22,1408,5440,0,11,2,11,22,22,22,11,360448,1,1
22,1408,5440,1,11,2,11,22,22,22,11,360448,1,1
22,1408,5504,0,11,2,11,22,22,22,11,360448,1,1
22,1408,5504,1,11,2,11,22,22,22,11,360448,1,1
22,1408,5568,0,11,2,11,22,22,22,11,360448,1,1
22,1408,5568,1,11,2,11,22,22,22,11,360448,1,1
22,1408,5632,0,11,2,11,22,22,22,11,360448,1,1
22,1408,5632,1,11,2,11,22,22,22,11,360448,1,1
22,1408,5696,0,11,2,11,23,22,22,12,368640,1,1
22,1408,5696,1,11,2,11,23,22,22,12,368640,1,1
22,1408,5760,0,11,2,11,23,22,22,12,376832,1,1
22,1408,5760,1,11,2,11,23,22,22,12,376832,1,1
22,1408,5824,0,11,2,11,23,22,22,12,385024,1,1
22,1408,5824,1,11,2,11,23,22,22,12,385024,1,1
22,1408,5888,0,11,2,11,23,22,22,12,393216,1,1
22,1408,5888,1,11,2,11,23,22,22,12,393216,1,1
22,1408,5952,0,11,2,11,24,22,22,12,393216,1,1
22,1408,5952,1,11,2,11,24,22,22,12,393216,1,1
22,1408,6016,0,11,2,11,24,22,22,12,393216,1,1
22,1408,6016,1,11,2,11,24,22,22,12,393216,1,1
22,1408,6080,0,11,2,11,24,22,22,12,393216,1,1
22,1408,6080,1,11,2,11,24,22,22,12,393216,1,1
24,1424,4096,0,12,2,12,16,24,24,8,262144,1,1
24,1424,4160,0,12,2,12,17,24,24,9,270336,1,1
24,1424,4224,0,12,2,12,17,24,24,9,278528,1,1
24,1424,4288,0,12,2,12,17,24,24,9,286720,1,1
24,1424,4352,0,12,2,12,17,24,24,9,294912,1,1
24,1424,4416,0,12,2,12,18,24,24,9,294912,1,1
24,1424,4480,0,12,2,12,18,24,24,9,294912,1,1
24,1424,4544,0,12,2,12,18,24,24,9,294912,1,1
24,1424,4608,0,12,2,12,18,24,24,9,294912,1,1
24,1424,4672,0,12,2,12,19,24,24,10,303104,1,1
24,1424,4736,0,12,2,12,19,24,24,10,311296,1,1
24,1424,4800,0,12,2,12,19,24,24,10,319488,1,1
24,1424,4864,0,12,2,12,19,24,24,10,327680,1,1
24,1424,4928,0,12,2,12,20,24,24,10,327680,1,1
24,1424,4992,0,12,2,12,20,24,24,10,327680,1,1
24,1424,5056,0,12,2,12,20,24,24,10,327680,1,1
24,1424,5120,0,12,2,12,20,24,24,10,327680,1,1
24,1424,5184,0,12,2,12,21,24,24,11,335872,1,1
24,1424,5248,0,12,2,12,21,24,24,11,344064,1,1
24,1424,5312,0,12,2,12,21,24,24,11,352256,1,1
24,1424,5376,0,12,2,12,21,24,24,11,360448,1,1
24,1424,5440,0,12,2,12,22,24,24,11,360448,1,1
24,1424,5504,0,12,2,12,22,24,24,11,360448,1,1
24,1424,5568,0,12,2,12,22,24,24,11,360448,1,1
24,1424,5632,0,12,2,12,22,24,24,11,360448,1,1
24,1424,5696,0,12,2,12,23,24,24,12,368640,1,1
24,1424,5760,0,12,2,12,23,24,24,12,376832,1,1
24,1424,5824,0,12,2,12,23,24,24,12,385024,1,1
24,1424,5888,0,12,2,12,23,24,24,12,393216,1,1
24,1424,5952,0,12,2,12,24,24,24,12,393216,1,1
24,1424,6016,0,12,2,12,24,24,24,12,393216,1,1
24,1424,6080,0,12,2,12,24,24,24,12,393216,1,1
24,1440,4096,0,12,2,12,16,24,24,8,262144,1,1
24,1440,4160,0,12,2,12,17,24,24,9,270336,1,1
24,1440,4224,0,12,2,12,17,24,24,9,278528,1,1
24,1440,4288,0,12,2,12,17,24,24,9,286720,1,1
24,1440,4352,0,12,2,12,17,24,24,9,294912,1,1
24,1440,4416,0,12,2,12,18,24,24,9,294912,1,1
24,1440,4480,0,12,2,12,18,24,24,9,294912,1,1
24,1440,4544,0,12,2,12,18,24,24,9,294912,1,1
24,1440,4608,0,12,2,12,18,24,24,9,294912,1,1
24,1440,4672,0,12,2,12,19,24,24,10,303104,1,1
24,1440,4736,0,12,2,12,19,24,24,10,311296,1,1
24,1440,4800,0,12,2,12,19,24,24,10,319488,1,1
24,1440,4864,0,12,2,12,19,24,24,10,327680,1,1
24,1440,4928,0,12,2,12,20,24,24,10,327680,1,1
24,1440,4992,0,12,2,12,20,24,24,10,327680,1,1
24,1440,5056,0,12,2,12,20,24,24,10,327680,1,1
24,1440,5120,0,12,2,12,20,24,24,10,327680,1,1
24,1440,5184,0,12,2,12,21,24,24,11,335872,1,1
24,1440,5248,0,12,2,12,21,24,24,11,344064,1,1
24,1440,5312,0,12,2,12,21,24,24,11,352256,1,1
24,1440,5376,0,12,2,12,21,24,24,11,360448,1,1
24,1440,5440,0,12,2,12,22,24,24,11,360448,1,1
24,1440,5504,0,12,2,12,22,24,24,11,360448,1,1
24,1440,5568,0,12,2,12,22,24,24,11,360448,1,1
24,1440,5632,0,12,2,12,22,24,24,11,360448,1,1
24,1440,5696,0,12,2,12,23,24,24,12,368640,1,1
24,1440,5760,0,12,2,12,23,24,24,12,376832,1,1
24,1440,5824,0,12,2,12,23,24,24,12,385024,1,1
24,1440,5888,0,12,2,12,23,24,24,12,393216,1,1
24,1440,5952,0,12,2,12,24,24,24,12,393216,1,1
24,1440,6016,0,12,2,12,24,24,24,12,393216,1,1
24,1440,6080,0,12,2,12,24,24,24,12,393216,1,1
24,1456,4096,0,12,2,12,16,24,24,8,262144,1,1
24,1456,4160,0,12,2,12,17,24,24,9,270336,1,1
24,1456,4224,0,12,2,12,17,24,24,9,278528,1,1
24,1456,4288,0,12,2,12,17,24,24,9,286720,1,1
24,1456,4352,0,12,2,12,17,24,24,9,294912,1,1
24,1456,4416,0,12,2,12,18,24,24,9,294912,1,1
24,1456,4480,0,12,2,12,18,24,24,9,294912,1,1
24,1456,4544,0,12,2,12,18,24,24,9,294912,1,1
24,1456,4608,0,12,2,12,18,24,24,9,294912,1,1
24,1456,4672,0,12,2,12,19,24,24,10,303104,1,1
24,1456,4736,0,12,2,12,19,24,24,10,311296,1,1
24,1456,4800,0,12,2,12,19,24,24,10,319488,1,1
24,1456,4864,0,12,2,12,19,24,24,10,327680,1,1
24,1456,4928,0,12,2,12,20,24,24,10,327680,1,1
24,1456,4992,0,12,2,12,20,24,24,10,327680,1,1
24,1456,5056,0,12,2,12,20,24,24,10,327680,1,1
24,1456,5120,0,12,2,12,20,24,24,10,327680,1,1
24,1456,5184,0,12,2,12,21,24,24,11,335872,1,1
24,1456,5248,0,12,2,12,21,24,24,11,344064,1,1
24,1456,5312,0,12,2,12,21,24,24,11,352256,1,1
24,1456,5376,0,12,2,12,21,24,24,11,360448,1,1
24,1456,5440,0,12,2,12,22,24,24,11,360448,1,1
24,1456,5504,0,12,2,12,22,24,24,11,360448,1,1
24,1456,5568,0,12,2,12,22,24,24,11,360448,1,1
24,1456,5632,0,12,2,12,22,24,24,11,360448,1,1
24,1456,5696,0,12,2,12,23,24,24,12,368640,1,1
24,1456,5760,0,12,2,12,23,24,24,12,376832,1,1
24,1456,5824,0,12,2,12,23,24,24,12,385024,1,1
24,1456,5888,0,12,2,12,23,24,24,12,393216,1,1
24,1456,5952,0,12,2,12,24,24,24,12,393216,1,1
24,1456,6016,0,12,2,12,24,24,24,12,393216,1,1
24,1456,6080,0,12,2,12,24,24,24,12,393216,1,1
24,1472,4096,0,12,2,12,16,24,24,8,262144,1,1
24,1472,4096,1,12,2,12,16,24,24,8,262144,1,1
24,1472,4160,0,12,2,12,17,24,24,9,270336,1,1
24,1472,4160,1,12,2,12,17,24,24,9,270336,1,1
24,1472,4224,0,12,2,12,17,24,24,9,278528,1,1
24,1472,4224,1,12,2,12,17,24,24,9,278528,1,1
24,1472,4288,0,12,2,12,17,24,24,9,286720,1,1
24,1472,4288,1,12,2,12,17,24,24,9,286720,1,1
24,1472,4352,0,12,2,12,17,24,24,9,294912,1,1
24,1472,4352,1,12,2,12,17,24,24,9,294912,1,1
24,1472,4416,0,12,2,12,18,24,24,9,294912,1,1
24,1472,4416,1,12,2,12,18,24,24,9,294912,1,1
24,1472,4480,0,12,2,12,18,24,24,9,294912,1,1
24,1472,4480,1,12,2,12,18,24,24,9,294912,1,1
24,1472,4544,0,12,2,12,18,24,24,9,294912,1,1
24,1472,4544,1,12,2,12,18,24,24,9,294912,1,1
24,1472,4608,0,12,2,12,18,24,24,9,294912,1,1
24,1472,4608,1,12,2,12,18,24,24,9,294912,1,1
24,1472,4672,0,12,2,12,19,24,24,10,303104,1,1
24,1472,4672,1,12,2,12,19,24,24,10,303104,1,1
24,1472,4736,0,12,2,12,19,24,24,10,311296,1,1
24,1472,4736,1,12,2,12,19,24,24,10,311296,1,1
24,1472,4800,0,12,2,12,19,24,24,10,319488,1,1
24,1472,4800,1,12,2,12,19,24,24,10,319488,1,1
24,1472,4864,0,12,2,12,19,24,24,10,327680,1,1
24,1472,4864,1,12,2,12,19,24,24,10,327680,1,1
24,1472,4928,0,12,2,12,20,24,24,10,327680,1,1
24,1472,4928,1,12,2,12,20,24,24,10,327680,1,1
24,1472,4992,0,12,2,12,20,24,24,10,327680,1,1
24,1472,4992,1,12,2,12,20,24,24,10,327680,1,1
24,1472,5056,0,12,2,12,20,24,24,10,327680,1,1
24,1472,5056,1,12,2,12,20,24,24,10,327680,1,1
24,1472,5120,0,12,2,12,20,24,24,10,327680,1,1
24,1472,5120,1,12,2,12,20,24,24,10,327680,1,1
24,1472,5184,0,12,2,12,21,24,24,11,335872,1,1
24,1472,5184,1,12,2,12,21,24,24,11,335872,1,1
24,1472,5248,0,12,2,12,21,24,24,11,344064,1,1
24,1472,5248,1,12,2,12,21,24,24,11,344064,1,1
24,1472,5312,0,12,2,12,21,24,24,11,352256,1,1
24,1472,5312,1,12,2,12,21,24,24,11,352256,1,1
24,1472,5376,0,12,2,12,21,24,24,11,360448,1,1
24,1472,5376,1,12,2,12,21,24,24,11,360448,1,1
24,1472,5440,0,12,2,12,22,24,24,11,360448,1,1
24,1472,5440,1,12,2,12,22,24,24,11,360448,1,1
24,1472,5504,0,12,2,12,22,24,24,11,360448,1,1
24,1472,5504,1,12,2,12,22,24,24,11,360448,1,1
24,1472,5568,0,12,2,12,22,24,24,11,360448,1,1
24,1472,5568,1,12,2,12,22,24,24,11,360448,1,1
24,1472,5632,0,12,2,12,22,24,24,11,360448,1,1
24,1472,5632,1,12,2,12,22,24,24,11,360448,1,1
24,1472,5696,0,12,2,12,23,24,24,12,368640,1,1
24,1472,5696,1,12,2,12,23,24,24,12,368640,1,1
24,1472,5760,0,12,2,12,23,24,24,12,376832,1,1
24,1472,5760,1,12,2,12,23,24,24,12,376832,1,1
24,1472,5824,0,12,2,12,23,24,24,12,385024,1,1
24,1472,5824,1,12,2,12,23,24,24,12,385024,1,1
24,1472,5888,0,12,2,12,23,24,24,12,393216,1,1
24,1472,5888,1,12,2,12,23,24,24,12,393216,1,1
24,1472,5952,0,12,2,12,24,24,24,12,393216,1,1
24,1472,5952,1,12,2,12,24,24,24,12,393216,1,1
24,1472,6016,0,12,2,12,24,24,24,12,393216,1,1
24,1472,6016,1,12,2,12,24,24,24,12,393216,1,1
24,1472,6080,0,12,2,12,24,24,24,12,393216,1,1
24,1472,6080,1,12,2,12,24,24,24,12,393216,1,1
24,1488,4096,0,12,2,12,16,24,24,8,262144,1,1
24,1488,4160,0,12,2,12,17,24,24,9,270336,1,1
24,1488,4224,0,12,2,12,17,24,24,9,278528,1,1
24,1488,4288,0,12,2,12,17,24,24,9,286720,1,1
24,1488,4352,0,12,2,12,17,24,24,9,294912,1,1
24,1488,4416,0,12,2,12,18,24,24,9,294912,1,1
24,1488,4480,0,12,2,12,18,24,24,9,294912,1,1
24,1488,4544,0,12,2,12,18,24,24,9,294912,1,1
24,1488,4608,0,12,2,12,18,24,24,9,294912,1,1
24,1488,4672,0,12,2,12,19,24,24,10,303104,1,1
24,1488,4736,0,12,2,12,19,24,24,10,311296,1,1
24,1488,4800,0,12,2,12,19,24,24,10,319488,1,1
24,1488,4864,0,12,2,12,19,24,24,10,327680,1,1
24,1488,4928,0,12,2,12,20,24,24,10,327680,1,1
24,1488,4992,0,12,2,12,20,24,24,10,327680,1,1
24,1488,5056,0,12,2,12,20,24,24,10,327680,1,1
24,1488,5120,0,12,2,12,20,24,24,10,327680,1,1
24,1488,5184,0,12,2,12,21,24,24,11,335872,1,1
24,1488,5248,0,12,2,12,21,24,24,11,344064,1,1
24,1488,5312,0,12,2,12,21,24,24,11,352256,1,1
24,1488,5376,0,12,2,12,21,24,24,11,360448,1,1
24,1488,5440,0,12,2,12,22,24,24,11,360448,1,1
24,1488,5504,0,12,2,12,22,24,24,11,360448,1,1
24,1488,5568,0,12,2,12,22,24,24,11,360448,1,1
24,1488,5632,0,12,2,12,22,24,24,11,360448,1,1
24,1488,5696,0,12,2,12,23,24,24,12,368640,1,1
24,1488,5760,0,12,2,12,23,24,24,12,376832,1,1
24,1488,5824,0,12,2,12,23,24,24,12,385024,1,1
24,1488,5888,0,12,2,12,23,24,24,12,393216,1,1
24,1488,5952,0,12,2,12,24,24,24,12,393216,1,1
24,1488,6016,0,12,2,12,24,24,24,12,393216,1,1
24,1488,6080,0,12,2,12,24,24,24,12,393216,1,1
24,1504,4096,0,12,2,12,16,24,24,8,262144,1,1
24,1504,4160,0,12,2,12,17,24,24,9,270336,1,1
24,1504,4224,0,12,2,12,17,24,24,9,278528,1,1
24,1504,4288,0,12,2,12,17,24,24,9,286720,1,1
24,1504,4352,0,12,2,12,17,24,24,9,294912,1,1
24,1504,4416,0,12,2,12,18,24,24,9,294912,1,1
24,1504,4480,0,12,2,12,18,24,24,9,294912,1,1
24,1504,4544,0,12,2,12,18,24,24,9,294912,1,1
24,1504,4608,0,12,2,12,18,24,24,9,294912,1,1
24,1504,4672,0,12,2,12,19,24,24,10,303104,1,1
24,1504,4736,0,12,2,12,19,24,24,10,311296,1,1
24,1504,4800,0,12,2,12,19,24,24,10,319488,1,1
24,1504,4864,0,12,2,12,19,24,24,10,327680,1,1
24,1504,4928,0,12,2,12,20,24,24,10,327680,1,1
24,1504,4992,0,12,2,12,20,24,24,10,327680,1,1
24,1504,5056,0,12,2,12,20,24,24,10,327680,1,1
24,1504,5120,0,12,2,12,20,24,24,10,327680,1,1
24,1504,5184,0,12,2,12,21,24,24,11,335872,1,1
24,1504,5248,0,12,2,12,21,24,24,11,344064,1,1
24,1504,5312,0,12,2,12,21,24,24,11,352256,1,1
24,1504,5376,0,12,2,12,21,24,24,11,360448,1,1
24,1504,5440,0,12,2,12,22,24,24,11,360448,1,1
24,1504,5504,0,12,2,12,22,24,24,11,360448,1,1
24,1504,5568,0,12,2,12,22,24,24,11,360448,1,1
24,1504,5632,0,12,2,12,22,24,24,11,360448,1,1
24,1504,5696,0,12,2,12,23,24,24,12,368640,1,1
24,1504,5760,0,12,2,12,23,24,24,12,376832,1,1
24,1504,5824,0,12,2,12,23,24,24,12,385024,1,1
24,1504,5888,0,12,2,12,23,24,24,12,393216,1,1
24,1504,5952,0,12,2,12,24,24,24,12,393216,1,1
24,1504,6016,0,12,2,12,24,24,24,12,393216,1,1
24,1504,6080,0,12,2,12,24,24,24,12,393216,1,1
24,1520,4096,0,12,2,12,16,24,24,8,262144,1,1
24,1520,4160,0,12,2,12,17,24,24,9,270336,1,1
24,1520,4224,0,12,2,12,17,24,24,9,278528,1,1
24,1520,4288,0,12,2,12,17,24,24,9,286720,1,1
24,1520,4352,0,12,2,12,17,24,24,9,294912,1,1
24,1520,4416,0,12,2,12,18,24,24,9,294912,1,1
24,1520,4480,0,12,2,12,18,24,24,9,294912,1,1
24,1520,4544,0,12,2,12,18,24,24,9,294912,1,1
24,1520,4608,0,12,2,12,18,24,24,9,294912,1,1
24,1520,4672,0,12,2,12,19,24,24,10,303104,1,1
24,1520,4736,0,12,2,12,19,24,24,10,311296,1,1
24,1520,4800,0,12,2,12,19,24,24,10,319488,1,1
24,1520,4864,0,12,2,12,19,24,24,10,327680,1,1
24,1520,4928,0,12,2,12,20,24,24,10,327680,1,1
24,1520,4992,0,12,2,12,20,24,24,10,327680,1,1
24,1520,5056,0,12,2,12,20,24,24,10,327680,1,1
24,1520,5120,0,12,2,12,20,24,24,10,327680,1,1
24,1520,5184,0,12,2,12,21,24,24,11,335872,1,1
24,1520,5248,0,12,2,12,21,24,24,11,344064,1,1
24,1520,5312,0,12,2,12,21,24,24,11,352256,1,1
24,1520,5376,0,12,2,12,21,24,24,11,360448,1,1
24,1520,5440,0,12,2,12,22,24,24,11,360448,1,1
24,1520,5504,0,12,2,12,22,24,24,11,360448,1,1
24,1520,5568,0,12,2,12,22,24,24,11,360448,1,1
24,1520,5632,0,12,2,12,22,24,24,11,360448,1,1
24,1520,5696,0,12,2,12,23,24,24,12,368640,1,1
24,1520,5760,0,12,2,12,23,24,24,12,376832,1,1
24,1520,5824,0,12,2,12,23,24,24,12,385024,1,1
24,1520,5888,0,12,2,12,23,24,24,12,393216,1,1
24,1520,5952,0,12,2,12,24,24,24,12,393216,1,1
24,1520,6016,0,12,2,12,24,24,24,12,393216,1,1
24,1520,6080,0,12,2,12,24,24,24,12,393216,1,1
