version,case,B,M,N,K,dtype,ta,tb,baseline_us,candidate_us,time_reduction_pct,window0_reduction_pct,window1_reduction_pct
r62,1000,1,1280,4096,1536,1,0,0,76.10149999999999,76.02199999999999,0.1044657464044696,0.33962313633443264,-0.13167943957230754
r62,1001,1,1280,4096,1536,1,1,0,76.7115,76.632,0.10363504820006808,0.44189129474148103,-0.23666008551144202
r62,1004,1,1280,4160,1536,1,0,0,97.72200000000001,97.392,0.3376926383005019,0.49058686453670175,0.18442245035963367
r62,1005,1,1280,4160,1536,1,1,0,106.47200000000001,106.71199999999999,-0.22541137576075343,-0.3566668543860674,-0.09398319580458114
r62,1064,1,1280,5120,1536,1,0,0,93.002,92.9915,0.011290079783221607,0.0870387483613122,-0.0645563900066648
r62,1065,1,1280,5120,1536,1,1,0,93.642,93.602,0.04271587535507049,0.25602184719764054,-0.17104616108272186
r62,1124,1,1280,6080,1536,1,0,0,133.21300000000002,133.1725,0.03040243820048305,-0.22566062146933685,0.2854296052680838
r62,1125,1,1280,6080,1536,1,1,0,145.743,145.90300000000002,-0.10978228800013756,0.05479339465626065,-0.2749462136469649
r63,1000,1,1280,4096,1536,1,0,0,76.102,79.402,-4.336285511550275,-3.812679130183283,-4.859341756192381
r63,1001,1,1280,4096,1536,1,1,0,76.3515,78.77199999999999,-3.170206217297622,-2.464590348658957,-3.8752585687727326
r63,1004,1,1280,4160,1536,1,0,0,97.5915,97.872,-0.28742257266258786,-0.349571261129733,-0.22569213958190115
r63,1005,1,1280,4160,1536,1,1,0,107.25200000000001,103.482,3.5150859657628875,4.070885697746074,2.9608387180871887
r63,1064,1,1280,5120,1536,1,0,0,92.90100000000001,96.502,-3.8761692554439398,-3.317862181109388,-4.43399576075143
r63,1065,1,1280,5120,1536,1,1,0,93.22200000000001,97.022,-4.076291004269383,-3.795758186614062,-4.357064669142119
r63,1124,1,1280,6080,1536,1,0,0,132.0725,125.223,5.186166688750493,5.459495533208958,4.913707732664053
r63,1125,1,1280,6080,1536,1,1,0,145.653,133.273,8.499653285548526,8.81323773055691,8.186885897849061
r64,1000,1,1280,4096,1536,1,0,0,76.1015,80.062,-5.2042338193071025,-5.175901841780295,-5.232581064917641
r64,1001,1,1280,4096,1536,1,1,0,76.60149999999999,79.78200000000001,-4.152007467216734,-4.065866781308225,-4.238507626697374
r64,1004,1,1280,4160,1536,1,0,0,97.742,101.8425,-4.1952282539747365,-4.242740927439992,-4.147851494656818
r64,1005,1,1280,4160,1536,1,1,0,106.45249999999999,109.49199999999999,-2.855264084920517,-2.5078868782939967,-3.2050677777568426
r64,1064,1,1280,5120,1536,1,0,0,92.991,97.6015,-4.958006688819361,-4.992416174524816,-4.923619397770396
r64,1065,1,1280,5120,1536,1,1,0,93.7415,98.52199999999999,-5.099662369388147,-4.924286825587965,-5.275410606351838
r64,1124,1,1280,6080,1536,1,0,0,133.433,130.693,2.0534650348864036,2.009854285564283,2.0970169933269833
r64,1125,1,1280,6080,1536,1,1,0,146.353,141.453,3.348069393862785,3.3501295611330306,3.3460117588413274
