version,case,N,dtype,TA,baseline_us,candidate_us,reduction_pct
r56,1000,4096,1,0,76.6715,92.3315,-20.424799306130726
r56,1001,4096,1,1,77.19200000000001,91.642,-18.719556430718185
r56,1002,4096,2,0,76.632,92.482,-20.683265476563317
r56,1003,4096,2,1,77.2415,91.622,-18.617582517170163
r56,1004,4160,1,0,98.812,97.94200000000001,0.8804598631744986
r56,1005,4160,1,1,107.103,97.69200000000001,8.786868715162033
r56,1006,4160,2,0,98.53200000000001,97.792,0.7510250477002489
r56,1007,4160,2,1,107.322,97.712,8.954361640670127
r56,1024,4480,1,0,86.46199999999999,102.05250000000001,-18.031620827646844
r56,1025,4480,1,1,90.312,101.202,-12.058198246080254
r56,1026,4480,2,0,86.512,101.9525,-17.84781302015905
r56,1027,4480,2,1,90.7815,101.25200000000001,-11.533737600722628
r56,1044,4800,1,0,110.89250000000001,113.242,-2.118718578803791
r56,1045,4800,1,1,121.0625,112.6425,6.955085183273102
r56,1046,4800,2,0,110.892,113.2525,-2.1286476932510956
r56,1047,4800,2,1,121.112,112.642,6.993526653015392
r56,1064,5120,1,0,93.72149999999999,112.182,-19.69718794513533
r56,1065,5120,1,1,94.232,111.362,-18.178538076237373
r56,1066,5120,2,0,93.712,112.24199999999999,-19.77334813044218
r56,1067,5120,2,1,94.372,111.412,-18.056203111092284
r56,1084,5440,1,0,122.77199999999999,124.662,-1.5394389600234648
r56,1085,5440,1,1,133.713,123.592,7.569196712361547
r56,1086,5440,2,0,122.5625,124.7025,-1.7460479347271907
r56,1087,5440,2,1,133.853,123.593,7.6651251746318705
r56,1104,5760,1,0,109.54249999999999,128.303,-17.126229545610162
r56,1105,5760,1,1,113.63300000000001,127.6325,-12.31992466977021
r56,1106,5760,2,0,109.712,128.392,-17.026396383257982
r56,1107,5760,2,1,113.63300000000001,127.65299999999999,-12.337965203770018
r56,1124,6080,1,0,134.2625,136.5125,-1.6758216180988716
r56,1125,6080,1,1,146.973,135.433,7.851782300150378
r56,1126,6080,2,0,134.4425,136.483,-1.5177492236458034
r56,1127,6080,2,1,146.503,135.413,7.569810857115533
r57,1000,4096,1,0,75.8615,92.70150000000001,-22.198348305794124
r57,1001,4096,1,1,76.062,91.962,-20.903999368935878
r57,1002,4096,2,0,75.8615,92.662,-22.14627973346164
r57,1003,4096,2,1,76.042,91.911,-20.868730438441908
r57,1004,4160,1,0,97.122,98.44200000000001,-1.3591153394699518
r57,1005,4160,1,1,106.492,98.062,7.916087593434251
r57,1006,4160,2,0,97.072,98.50200000000001,-1.4731333443217531
r57,1007,4160,2,1,106.512,98.0915,7.905681988883884
r57,1024,4480,1,0,84.891,102.482,-20.721866864567495
r57,1025,4480,1,1,87.682,101.542,-15.807121187929107
r57,1026,4480,2,0,84.922,102.602,-20.81910459009444
r57,1027,4480,2,1,87.662,101.6225,-15.92537245328649
r57,1044,4800,1,0,108.922,113.6525,-4.343016103266573
r57,1045,4800,1,1,120.1625,113.0025,5.958597732237592
r57,1046,4800,2,0,108.902,113.622,-4.334172007860282
r57,1047,4800,2,1,120.1425,112.9425,5.992883450902053
r57,1064,5120,1,0,92.6815,112.632,-21.525870858801376
r57,1065,5120,1,1,93.0115,111.662,-20.05182154894827
r57,1066,5120,2,0,92.702,112.5825,-21.44559987918275
r57,1067,5120,2,1,93.00200000000001,111.6725,-20.075374723124217
r57,1084,5440,1,0,120.6325,125.1425,-3.738627650094295
r57,1085,5440,1,1,132.882,123.9225,6.742448187113381
r57,1086,5440,2,0,120.4425,125.06299999999999,-3.8362704194947694
r57,1087,5440,2,1,132.813,123.94200000000001,6.679316030810223
r57,1104,5760,1,0,107.672,128.7625,-19.58772940040121
r57,1105,5760,1,1,111.152,127.9125,-15.078900964445086
r57,1106,5760,2,0,107.662,128.76299999999998,-19.59930151771281
r57,1107,5760,2,1,111.342,127.9325,-14.900486788453593
r57,1124,6080,1,0,131.64249999999998,137.013,-4.079609548588059
r57,1125,6080,1,1,145.34300000000002,135.763,6.59130470679703
r57,1126,6080,2,0,131.5625,137.08249999999998,-4.195724465558182
r57,1127,6080,2,1,145.312,135.7625,6.571721537106379
