split,id,B,M,N,K,dtype,TA,TB,r54_hit,r41_us,r54_us,reduction_pct,baseline_windows,candidate_windows
screen,1000,1,1280,4096,1536,1,0,0,False,76.572,76.422,0.19589406049209668,"[76.462, 76.682]","[76.402, 76.442]"
screen,1001,1,1280,4096,1536,1,1,0,False,77.1615,76.9315,0.2980761130874865,"[77.042, 77.281]","[77.002, 76.861]"
screen,1002,1,1280,4096,1536,2,0,0,False,76.55099999999999,76.39150000000001,0.20835782680824755,"[76.401, 76.701]","[76.261, 76.522]"
screen,1003,1,1280,4096,1536,2,1,0,False,77.14150000000001,76.931,0.2728751709520916,"[77.061, 77.222]","[76.821, 77.041]"
screen,1004,1,1280,4160,1536,1,0,0,True,98.012,90.562,7.6011100681549255,"[97.662, 98.362]","[90.442, 90.682]"
screen,1005,1,1280,4160,1536,1,1,0,True,107.212,91.102,15.026303025780695,"[107.322, 107.102]","[91.182, 91.022]"
screen,1006,1,1280,4160,1536,2,0,0,True,98.13149999999999,90.55199999999999,7.7238195686400335,"[97.942, 98.321]","[90.362, 90.742]"
screen,1007,1,1280,4160,1536,2,1,0,True,107.3425,91.152,15.083028623331863,"[107.203, 107.482]","[91.162, 91.142]"
screen,1024,1,1280,4480,1536,1,0,0,False,86.5215,86.332,0.2190207058361371,"[86.301, 86.742]","[86.202, 86.462]"
screen,1025,1,1280,4480,1536,1,1,0,False,89.412,89.0515,0.40318972844808343,"[89.342, 89.482]","[88.841, 89.262]"
screen,1026,1,1280,4480,1536,2,0,0,False,86.46199999999999,86.202,0.30071013855796913,"[86.482, 86.442]","[86.142, 86.262]"
screen,1027,1,1280,4480,1536,2,1,0,False,89.462,89.292,0.19002481500525192,"[89.462, 89.462]","[89.042, 89.542]"
screen,1044,1,1280,4800,1536,1,0,0,True,110.53200000000001,102.43199999999999,7.328194549994594,"[110.262, 110.802]","[102.422, 102.442]"
screen,1045,1,1280,4800,1536,1,1,0,True,121.023,103.0325,14.865356171967314,"[120.703, 121.343]","[103.123, 102.942]"
screen,1046,1,1280,4800,1536,2,0,0,True,110.27199999999999,102.53200000000001,7.019007544979672,"[110.082, 110.462]","[102.522, 102.542]"
screen,1047,1,1280,4800,1536,2,1,0,True,121.4025,102.872,15.263688968513833,"[121.162, 121.643]","[102.862, 102.882]"
screen,1064,1,1280,5120,1536,1,0,0,False,93.542,93.312,0.24587885655641406,"[93.362, 93.722]","[93.202, 93.422]"
screen,1065,1,1280,5120,1536,1,1,0,False,94.22149999999999,93.882,0.3603211581220678,"[93.982, 94.461]","[93.802, 93.962]"
screen,1066,1,1280,5120,1536,2,0,0,False,93.55199999999999,93.312,0.2565418163160582,"[93.382, 93.722]","[93.202, 93.422]"
screen,1067,1,1280,5120,1536,2,1,0,False,94.25200000000001,93.932,0.3395153418495167,"[94.042, 94.462]","[93.742, 94.122]"
screen,1084,1,1280,5440,1536,1,0,0,True,122.422,112.262,8.299161915342012,"[122.222, 122.622]","[112.122, 112.402]"
screen,1085,1,1280,5440,1536,1,1,0,True,133.763,112.6225,15.804445175422199,"[133.663, 133.863]","[112.443, 112.802]"
screen,1086,1,1280,5440,1536,2,0,0,True,122.363,112.1325,8.360778993650042,"[122.363, 122.363]","[112.282, 111.983]"
screen,1087,1,1280,5440,1536,2,1,0,True,134.0625,112.69300000000001,15.939953379953376,"[134.062, 134.063]","[112.683, 112.703]"
screen,1104,1,1280,5760,1536,1,0,0,False,109.392,109.162,0.2102530349568421,"[109.262, 109.522]","[109.042, 109.282]"
screen,1105,1,1280,5760,1536,1,1,0,False,113.662,112.99199999999999,0.5894670162411519,"[113.602, 113.722]","[112.922, 113.062]"
screen,1106,1,1280,5760,1536,2,0,0,False,109.30199999999999,109.24199999999999,0.05489378053467053,"[109.162, 109.442]","[109.122, 109.362]"
screen,1107,1,1280,5760,1536,2,1,0,False,113.75200000000001,113.05199999999999,0.6153737956255845,"[113.522, 113.982]","[113.062, 113.042]"
screen,1124,1,1280,6080,1536,1,0,0,True,133.44299999999998,121.362,9.053303657741496,"[133.423, 133.463]","[121.362, 121.362]"
screen,1125,1,1280,6080,1536,1,1,0,True,146.353,121.96199999999999,16.66586950728719,"[146.023, 146.683]","[121.942, 121.982]"
screen,1126,1,1280,6080,1536,2,0,0,True,133.813,121.30199999999999,9.349614760897673,"[133.543, 134.083]","[120.982, 121.622]"
screen,1127,1,1280,6080,1536,2,1,0,True,146.423,121.893,16.752832546799347,"[146.563, 146.283]","[121.943, 121.843]"
holdout,1008,1,1280,4224,1536,1,0,0,False,84.0915,83.9015,0.22594435822883563,"[84.322, 83.861]","[83.741, 84.062]"
holdout,1009,1,1280,4224,1536,1,1,0,False,87.1515,86.972,0.2059631790617522,"[87.241, 87.062]","[87.002, 86.942]"
holdout,1010,1,1280,4224,1536,2,0,0,False,84.19149999999999,83.952,0.28447052255867744,"[84.401, 83.982]","[83.762, 84.142]"
holdout,1011,1,1280,4224,1536,2,1,0,False,87.14150000000001,86.862,0.3207427000912477,"[87.141, 87.142]","[86.602, 87.122]"
holdout,1012,1,1280,4288,1536,1,0,0,True,101.832,93.71199999999999,7.973917825437981,"[101.922, 101.742]","[93.502, 93.922]"
holdout,1013,1,1280,4288,1536,1,1,0,True,111.1725,94.24199999999999,15.22903595763342,"[111.083, 111.262]","[94.142, 94.342]"
holdout,1014,1,1280,4288,1536,2,0,0,True,101.842,93.852,7.8454861452053155,"[101.722, 101.962]","[93.642, 94.062]"
holdout,1015,1,1280,4288,1536,2,1,0,True,111.182,94.292,15.191307945530752,"[111.122, 111.242]","[94.202, 94.382]"
holdout,1016,1,1280,4352,1536,1,0,0,False,85.64150000000001,85.441,0.23411546971970898,"[85.761, 85.522]","[85.341, 85.541]"
holdout,1017,1,1280,4352,1536,1,1,0,False,86.59200000000001,86.4815,0.12760994087215316,"[86.662, 86.522]","[86.362, 86.601]"
holdout,1018,1,1280,4352,1536,2,0,0,False,85.701,85.4315,0.3144654088050203,"[85.841, 85.561]","[85.362, 85.501]"
holdout,1019,1,1280,4352,1536,2,1,0,False,86.632,86.352,0.3232062055591456,"[86.842, 86.422]","[86.122, 86.582]"
holdout,1020,1,1280,4416,1536,1,0,0,True,103.402,95.402,7.736794259298662,"[103.742, 103.062]","[95.422, 95.382]"
holdout,1021,1,1280,4416,1536,1,1,0,True,112.2225,95.632,14.783577268373094,"[112.103, 112.342]","[95.522, 95.742]"
holdout,1022,1,1280,4416,1536,2,0,0,True,102.80199999999999,95.632,6.974572479134633,"[103.042, 102.562]","[95.562, 95.702]"
holdout,1023,1,1280,4416,1536,2,1,0,True,112.143,95.652,14.705331585564863,"[111.863, 112.423]","[95.422, 95.882]"
holdout,1028,1,1280,4544,1536,1,0,0,True,103.30199999999999,94.00200000000001,9.002729860022052,"[103.642, 102.962]","[93.982, 94.022]"
holdout,1029,1,1280,4544,1536,1,1,0,True,112.1925,94.882,15.429284488713591,"[112.322, 112.063]","[94.742, 95.022]"
holdout,1030,1,1280,4544,1536,2,0,0,True,103.212,94.362,8.574584350656911,"[103.302, 103.122]","[94.302, 94.422]"
holdout,1031,1,1280,4544,1536,2,1,0,True,112.402,94.852,15.613601181473635,"[112.322, 112.482]","[94.822, 94.882]"
holdout,1032,1,1280,4608,1536,1,0,0,False,85.7215,85.372,0.4077156839299434,"[85.882, 85.561]","[85.302, 85.442]"
holdout,1033,1,1280,4608,1536,1,1,0,False,86.202,85.9315,0.31379782371638854,"[86.222, 86.182]","[85.842, 86.021]"
holdout,1034,1,1280,4608,1536,2,0,0,False,85.7115,85.422,0.33776097723176024,"[85.821, 85.602]","[85.362, 85.482]"
holdout,1035,1,1280,4608,1536,2,1,0,False,86.18199999999999,85.90199999999999,0.32489382933791333,"[86.282, 86.082]","[85.722, 86.082]"
holdout,1036,1,1280,4672,1536,1,0,0,True,107.82249999999999,100.422,6.863595260729438,"[107.963, 107.682]","[100.442, 100.402]"
holdout,1037,1,1280,4672,1536,1,1,0,True,117.9325,100.99199999999999,14.36457295486826,"[118.122, 117.743]","[100.902, 101.082]"
holdout,1038,1,1280,4672,1536,2,0,0,True,108.21199999999999,100.422,7.198831922522453,"[108.482, 107.942]","[100.422, 100.422]"
holdout,1039,1,1280,4672,1536,2,1,0,True,118.352,101.162,14.524469379478166,"[118.122, 118.582]","[101.262, 101.062]"
holdout,1040,1,1280,4736,1536,1,0,0,False,92.532,92.572,-0.04322828859206762,"[92.622, 92.442]","[92.682, 92.462]"
holdout,1041,1,1280,4736,1536,1,1,0,False,96.092,95.842,0.2601673396328552,"[95.982, 96.202]","[95.622, 96.062]"
holdout,1042,1,1280,4736,1536,2,0,0,False,92.5815,92.52199999999999,0.06426769927039278,"[92.802, 92.361]","[92.622, 92.422]"
holdout,1043,1,1280,4736,1536,2,1,0,False,96.132,95.78200000000001,0.3640827195938834,"[96.022, 96.242]","[95.522, 96.042]"
holdout,1048,1,1280,4864,1536,1,0,0,False,94.01150000000001,93.792,0.23348207400160081,"[94.141, 93.882]","[93.802, 93.782]"
holdout,1049,1,1280,4864,1536,1,1,0,False,94.742,94.292,0.4749741402968133,"[94.802, 94.682]","[94.062, 94.522]"
holdout,1050,1,1280,4864,1536,2,0,0,False,94.012,93.80199999999999,0.22337573926733967,"[94.162, 93.862]","[93.702, 93.902]"
holdout,1051,1,1280,4864,1536,2,1,0,False,94.592,94.322,0.2854364005412724,"[94.742, 94.442]","[94.262, 94.382]"
holdout,1052,1,1280,4928,1536,1,0,0,True,112.9025,102.9225,8.839485396691838,"[113.102, 112.703]","[102.583, 103.262]"
holdout,1053,1,1280,4928,1536,1,1,0,True,123.38300000000001,103.652,15.991668220095157,"[123.503, 123.263]","[103.662, 103.642]"
holdout,1054,1,1280,4928,1536,2,0,0,True,113.112,103.012,8.929202913926016,"[112.882, 113.342]","[102.882, 103.142]"
holdout,1055,1,1280,4928,1536,2,1,0,True,123.2425,103.622,15.920238554070231,"[122.822, 123.663]","[103.522, 103.722]"
holdout,1056,1,1280,4992,1536,1,0,0,False,95.762,95.25200000000001,0.5325703306112928,"[95.882, 95.642]","[95.122, 95.382]"
holdout,1057,1,1280,4992,1536,1,1,0,False,99.032,98.852,0.18175943129492556,"[98.782, 99.282]","[98.682, 99.022]"
holdout,1058,1,1280,4992,1536,2,0,0,False,95.642,95.332,0.3241253842454217,"[95.862, 95.422]","[95.262, 95.402]"
holdout,1059,1,1280,4992,1536,2,1,0,False,98.952,98.612,0.3436009378284477,"[98.942, 98.962]","[98.222, 99.002]"
holdout,1060,1,1280,5056,1536,1,0,0,True,113.463,103.30199999999999,8.955342270167366,"[113.603, 113.323]","[103.162, 103.442]"
holdout,1061,1,1280,5056,1536,1,1,0,True,123.613,104.00200000000001,15.864836222727375,"[123.423, 123.803]","[103.962, 104.042]"
holdout,1062,1,1280,5056,1536,2,0,0,True,113.363,103.332,8.848566110635748,"[113.303, 113.423]","[103.182, 103.482]"
holdout,1063,1,1280,5056,1536,2,1,0,True,123.7125,103.96199999999999,15.964837829645361,"[123.563, 123.862]","[103.842, 104.082]"
holdout,1068,1,1280,5184,1536,1,0,0,True,118.6325,109.6425,7.578024571681452,"[118.942, 118.323]","[109.583, 109.702]"
holdout,1069,1,1280,5184,1536,1,1,0,True,129.552,110.12299999999999,14.997066814869708,"[129.462, 129.642]","[110.143, 110.103]"
holdout,1070,1,1280,5184,1536,2,0,0,True,118.382,109.69200000000001,7.340643003159264,"[118.682, 118.082]","[109.662, 109.722]"
holdout,1071,1,1280,5184,1536,2,1,0,True,129.24200000000002,110.2025,14.731666176629899,"[129.262, 129.222]","[110.283, 110.122]"
holdout,1072,1,1280,5248,1536,1,0,0,False,101.212,101.112,0.09880251353595604,"[101.302, 101.122]","[100.862, 101.362]"
holdout,1073,1,1280,5248,1536,1,1,0,False,105.21199999999999,104.922,0.2756339581036271,"[105.222, 105.202]","[104.722, 105.122]"
holdout,1074,1,1280,5248,1536,2,0,0,False,101.28200000000001,101.122,0.15797476353153206,"[101.242, 101.322]","[101.042, 101.202]"
holdout,1075,1,1280,5248,1536,2,1,0,False,105.22200000000001,104.862,0.34213377430576397,"[105.282, 105.162]","[104.562, 105.162]"
holdout,1076,1,1280,5312,1536,1,0,0,True,121.9325,111.963,8.176245053615737,"[122.043, 121.822]","[111.923, 112.003]"
holdout,1077,1,1280,5312,1536,1,1,0,True,133.4725,112.743,15.530914607878032,"[133.422, 133.523]","[112.743, 112.743]"
holdout,1078,1,1280,5312,1536,2,0,0,True,121.7225,112.012,7.977571936166273,"[121.963, 121.482]","[111.882, 112.142]"
holdout,1079,1,1280,5312,1536,2,1,0,True,133.14249999999998,112.362,15.60771354000412,"[132.843, 133.442]","[112.322, 112.402]"
holdout,1080,1,1280,5376,1536,1,0,0,False,102.562,102.31200000000001,0.24375499697741887,"[102.702, 102.422]","[102.242, 102.382]"
holdout,1081,1,1280,5376,1536,1,1,0,False,103.02199999999999,102.832,0.1844266273223205,"[103.222, 102.822]","[102.722, 102.942]"
holdout,1082,1,1280,5376,1536,2,0,0,False,102.582,102.312,0.26320407088962217,"[102.722, 102.442]","[102.262, 102.362]"
holdout,1083,1,1280,5376,1536,2,1,0,False,103.112,102.892,0.21336022965319223,"[103.202, 103.022]","[102.742, 103.042]"
holdout,1088,1,1280,5504,1536,1,0,0,False,103.992,103.792,0.19232248634510896,"[104.242, 103.742]","[103.582, 104.002]"
holdout,1089,1,1280,5504,1536,1,1,0,False,107.912,107.49199999999999,0.38920601971978996,"[107.942, 107.882]","[107.422, 107.562]"
holdout,1090,1,1280,5504,1536,2,0,0,False,104.082,103.862,0.21137180300148106,"[104.222, 103.942]","[103.842, 103.882]"
holdout,1091,1,1280,5504,1536,2,1,0,False,107.852,107.542,0.28743092385862257,"[107.902, 107.802]","[107.682, 107.402]"
holdout,1092,1,1280,5568,1536,1,0,0,True,123.212,112.632,8.586825958510536,"[123.522, 122.902]","[112.642, 112.622]"
holdout,1093,1,1280,5568,1536,1,1,0,True,134.8625,113.24199999999999,16.03151357864493,"[134.723, 135.002]","[113.262, 113.222]"
holdout,1094,1,1280,5568,1536,2,0,0,True,123.243,112.4625,8.747352790827867,"[123.283, 123.203]","[112.343, 112.582]"
holdout,1095,1,1280,5568,1536,2,1,0,True,134.5725,113.3125,15.79817570454587,"[134.462, 134.683]","[113.302, 113.323]"
holdout,1096,1,1280,5632,1536,1,0,0,False,102.602,102.3625,0.23342624900100084,"[102.722, 102.482]","[102.243, 102.482]"
holdout,1097,1,1280,5632,1536,1,1,0,False,103.112,102.952,0.15517107611140446,"[103.082, 103.142]","[102.802, 103.102]"
holdout,1098,1,1280,5632,1536,2,0,0,False,102.622,102.362,0.253356979984809,"[102.782, 102.462]","[102.282, 102.442]"
holdout,1099,1,1280,5632,1536,2,1,0,False,103.112,102.97200000000001,0.1357746915974678,"[103.142, 103.082]","[102.902, 103.042]"
holdout,1100,1,1280,5696,1536,1,0,0,True,128.432,119.1825,7.201865578671973,"[128.682, 128.182]","[119.083, 119.282]"
holdout,1101,1,1280,5696,1536,1,1,0,True,140.64249999999998,119.752,14.853618216399733,"[140.662, 140.623]","[119.862, 119.642]"
holdout,1102,1,1280,5696,1536,2,0,0,True,128.423,119.063,7.288414069130922,"[128.843, 128.003]","[118.943, 119.183]"
holdout,1103,1,1280,5696,1536,2,1,0,True,140.923,119.54249999999999,15.171760464934758,"[140.783, 141.063]","[119.762, 119.323]"
holdout,1108,1,1280,5824,1536,1,0,0,True,131.7925,123.0825,6.608873797826121,"[132.082, 131.503]","[123.062, 123.103]"
holdout,1109,1,1280,5824,1536,1,1,0,True,144.48250000000002,123.4925,14.527710968456397,"[144.583, 144.382]","[123.583, 123.402]"
holdout,1110,1,1280,5824,1536,2,0,0,True,131.72199999999998,123.173,6.490183872094246,"[131.982, 131.462]","[123.123, 123.223]"
holdout,1111,1,1280,5824,1536,2,1,0,True,144.3825,123.4725,14.482364552490779,"[144.202, 144.563]","[123.543, 123.402]"
holdout,1112,1,1280,5888,1536,1,0,0,False,110.912,110.6825,0.2069208020773261,"[111.102, 110.722]","[110.662, 110.703]"
holdout,1113,1,1280,5888,1536,1,1,0,False,111.392,111.2525,0.12523340993967347,"[111.522, 111.262]","[111.143, 111.362]"
holdout,1114,1,1280,5888,1536,2,0,0,False,110.8725,110.742,0.11770276669146318,"[111.102, 110.643]","[110.662, 110.822]"
holdout,1115,1,1280,5888,1536,2,1,0,False,111.3925,111.1425,0.22443162690486407,"[111.542, 111.243]","[111.163, 111.122]"
holdout,1116,1,1280,5952,1536,1,0,0,True,133.743,121.4725,9.174685777947255,"[134.283, 133.203]","[121.263, 121.682]"
holdout,1117,1,1280,5952,1536,1,1,0,True,145.9725,122.193,16.290397163849356,"[145.582, 146.363]","[122.363, 122.023]"
holdout,1118,1,1280,5952,1536,2,0,0,True,134.072,121.5325,9.352810430216607,"[134.382, 133.762]","[121.302, 121.763]"
holdout,1119,1,1280,5952,1536,2,1,0,True,146.413,122.082,16.618059871732715,"[145.963, 146.863]","[122.082, 122.082]"
holdout,1120,1,1280,6016,1536,1,0,0,False,112.672,112.602,0.06212723658051145,"[112.882, 112.462]","[112.542, 112.662]"
holdout,1121,1,1280,6016,1536,1,1,0,False,116.9225,116.52199999999999,0.34253458487459865,"[116.463, 117.382]","[116.602, 116.442]"
holdout,1122,1,1280,6016,1536,2,0,0,False,112.492,112.172,0.2844646730434275,"[112.522, 112.462]","[112.122, 112.222]"
holdout,1123,1,1280,6016,1536,2,1,0,False,117.783,116.5025,1.0871687764787863,"[117.723, 117.843]","[116.383, 116.622]"
